,Artist_Song,song_url
0,"
      Luis Fonsi - Despacito ft. Daddy Yankee
    ",https://www.youtube.com/watch?v=kJQP7kiw5Fk&index=2&list=PLirAqAtl_h2r5g8xGajEwdXd3x1sZh8hC&t=0s
1,"
      Ed Sheeran - Shape of You [Official Video]
    ",https://www.youtube.com/watch?v=JGwWNGJdvx8&index=3&list=PLirAqAtl_h2r5g8xGajEwdXd3x1sZh8hC&t=0s
2,"
      Wiz Khalifa - See You Again ft. Charlie Puth [Official Video] Furious 7 Soundtrack
    ",https://www.youtube.com/watch?v=RgKAFK5djSk&index=4&list=PLirAqAtl_h2r5g8xGajEwdXd3x1sZh8hC&t=0s
3,"
      Masha and The Bear - Recipe for disaster (Episode 17)
    ",https://www.youtube.com/watch?v=KYniUCGPGLs&index=5&list=PLirAqAtl_h2r5g8xGajEwdXd3x1sZh8hC&t=0s
4,"
      Mark Ronson - Uptown Funk ft. Bruno Mars
    ",https://www.youtube.com/watch?v=OPf0YbXqDm0&index=6&list=PLirAqAtl_h2r5g8xGajEwdXd3x1sZh8hC&t=0s
5,"
      PSY - GANGNAM STYLE(강남스타일) M/V
    ",https://www.youtube.com/watch?v=9bZkp7q19f0&index=7&list=PLirAqAtl_h2r5g8xGajEwdXd3x1sZh8hC&t=0s
6,"
      Justin Bieber - Sorry (PURPOSE : The Movement)
    ",https://www.youtube.com/watch?v=fRh_vgS2dFE&index=8&list=PLirAqAtl_h2r5g8xGajEwdXd3x1sZh8hC&t=0s
7,"
      Maroon 5 - Sugar
    ",https://www.youtube.com/watch?v=09R8_2nJtjg&index=9&list=PLirAqAtl_h2r5g8xGajEwdXd3x1sZh8hC&t=0s
8,"
      Taylor Swift - Shake It Off
    ",https://www.youtube.com/watch?v=nfWlot6h_JM&index=10&list=PLirAqAtl_h2r5g8xGajEwdXd3x1sZh8hC&t=0s
9,"
      Katy Perry - Roar (Official)
    ",https://www.youtube.com/watch?v=CevxZvSJLk8&index=11&list=PLirAqAtl_h2r5g8xGajEwdXd3x1sZh8hC&t=0s
10,"
      Enrique Iglesias - Bailando (Español) ft. Descemer Bueno, Gente De Zona
    ",https://www.youtube.com/watch?v=NUsoVlDFqZg&index=12&list=PLirAqAtl_h2r5g8xGajEwdXd3x1sZh8hC&t=0s
11,"
      Ed Sheeran - Thinking Out Loud [Official Video]
    ",https://www.youtube.com/watch?v=lp-EO5I60KA&index=13&list=PLirAqAtl_h2r5g8xGajEwdXd3x1sZh8hC&t=0s
12,"
      OneRepublic - Counting Stars
    ",https://www.youtube.com/watch?v=hT_nvWreIhg&index=14&list=PLirAqAtl_h2r5g8xGajEwdXd3x1sZh8hC&t=0s
13,"
      Katy Perry - Dark Horse (Official) ft. Juicy J
    ",https://www.youtube.com/watch?v=0KSOMA3QBU0&index=15&list=PLirAqAtl_h2r5g8xGajEwdXd3x1sZh8hC&t=0s
14,"
      Adele - Hello
    ",https://www.youtube.com/watch?v=YQHsXMglC9A&index=16&list=PLirAqAtl_h2r5g8xGajEwdXd3x1sZh8hC&t=0s
15,"
      Major Lazer & DJ Snake - Lean On (feat. MØ) (Official Music Video)
    ",https://www.youtube.com/watch?v=YqeW9_5kURI&index=17&list=PLirAqAtl_h2r5g8xGajEwdXd3x1sZh8hC&t=0s
16,"
      Taylor Swift - Blank Space
    ",https://www.youtube.com/watch?v=e-ORhEE9VVg&index=18&list=PLirAqAtl_h2r5g8xGajEwdXd3x1sZh8hC&t=0s
17,"
      Shakira - Chantaje ft. Maluma
    ",https://www.youtube.com/watch?v=6Mgqbai3fKo&index=19&list=PLirAqAtl_h2r5g8xGajEwdXd3x1sZh8hC&t=0s
18,"
      Meghan Trainor - All About That Bass
    ",https://www.youtube.com/watch?v=7PCkvCPvDXk&index=20&list=PLirAqAtl_h2r5g8xGajEwdXd3x1sZh8hC&t=0s
19,"
      The Chainsmokers - Closer (Lyric) ft. Halsey
    ",https://www.youtube.com/watch?v=PT2_F-1esPk&index=21&list=PLirAqAtl_h2r5g8xGajEwdXd3x1sZh8hC&t=0s
20,"
      Wheels On The Bus | Nursery Rhymes for Babies | Little Baby Bum | Videos for Kids
    ",https://www.youtube.com/watch?v=HP-MbfHFUqs&index=22&list=PLirAqAtl_h2r5g8xGajEwdXd3x1sZh8hC&t=0s
21,"
      Calvin Harris - This Is What You Came For (Official Video) ft. Rihanna
    ",https://www.youtube.com/watch?v=kOkQ4T5WO9E&index=23&list=PLirAqAtl_h2r5g8xGajEwdXd3x1sZh8hC&t=0s
22,"
      Passenger | Let Her Go (Official Video)
    ",https://www.youtube.com/watch?v=RBumgq5yVrA&index=24&list=PLirAqAtl_h2r5g8xGajEwdXd3x1sZh8hC&t=0s
23,"
      Shakira - Waka Waka (This Time for Africa) (The Official 2010 FIFA World Cup™ Song)
    ",https://www.youtube.com/watch?v=pRpeEdMmmQ0&index=25&list=PLirAqAtl_h2r5g8xGajEwdXd3x1sZh8hC&t=0s
24,"
      J Balvin, Willy William - Mi Gente (Official Video)
    ",https://www.youtube.com/watch?v=wnJ6LuUFpMo&index=26&list=PLirAqAtl_h2r5g8xGajEwdXd3x1sZh8hC&t=0s
25,"
      Justin Bieber - Baby ft. Ludacris
    ",https://www.youtube.com/watch?v=kffacxfA7G4&index=27&list=PLirAqAtl_h2r5g8xGajEwdXd3x1sZh8hC&t=0s
26,"
      Alan Walker - Faded
    ",https://www.youtube.com/watch?v=60ItHLz5WEA&index=28&list=PLirAqAtl_h2r5g8xGajEwdXd3x1sZh8hC&t=0s
27,"
      Justin Bieber - What Do You Mean?
    ",https://www.youtube.com/watch?v=DK_0jXPuIr0&index=29&list=PLirAqAtl_h2r5g8xGajEwdXd3x1sZh8hC&t=0s
28,"
      Charlie Puth - We Don't Talk Anymore (feat. Selena Gomez) [Official Video]
    ",https://www.youtube.com/watch?v=3AtDnEC4zak&index=30&list=PLirAqAtl_h2r5g8xGajEwdXd3x1sZh8hC&t=0s
29,"
      Clean Bandit - Rockabye ft. Sean Paul & Anne-Marie [Official Video]
    ",https://www.youtube.com/watch?v=papuvlVeZg8&index=31&list=PLirAqAtl_h2r5g8xGajEwdXd3x1sZh8hC&t=0s
30,"
      Fifth Harmony - Work from Home ft. Ty Dolla $ign
    ",https://www.youtube.com/watch?v=5GL9JoH4Sws&index=32&list=PLirAqAtl_h2r5g8xGajEwdXd3x1sZh8hC&t=0s
31,"
      Sia - Chandelier (Official Video)
    ",https://www.youtube.com/watch?v=2vjPBrBU-TM&index=33&list=PLirAqAtl_h2r5g8xGajEwdXd3x1sZh8hC&t=0s
32,"
      Ellie Goulding - Love Me Like You Do (Official Video)
    ",https://www.youtube.com/watch?v=AJtDXIazrMo&index=34&list=PLirAqAtl_h2r5g8xGajEwdXd3x1sZh8hC&t=0s
33,"
      Baby Shark Dance | Sing and Dance! | Animal Songs | PINKFONG Songs for Children
    ",https://www.youtube.com/watch?v=XqZsoesa55w&index=35&list=PLirAqAtl_h2r5g8xGajEwdXd3x1sZh8hC&t=0s
34,"
      Avicii - Wake Me Up (Official Video)
    ",https://www.youtube.com/watch?v=IcrbM1l_BoI&index=36&list=PLirAqAtl_h2r5g8xGajEwdXd3x1sZh8hC&t=0s
35,"
      Fifth Harmony - Worth It ft. Kid Ink
    ",https://www.youtube.com/watch?v=YBHQbu5rbdQ&index=37&list=PLirAqAtl_h2r5g8xGajEwdXd3x1sZh8hC&t=0s
36,"
      Luis Fonsi, Demi Lovato - Échame La Culpa
    ",https://www.youtube.com/watch?v=TyHvyGVs42U&index=38&list=PLirAqAtl_h2r5g8xGajEwdXd3x1sZh8hC&t=0s
37,"
      Shawn Mendes - Treat You Better
    ",https://www.youtube.com/watch?v=lY2yjAdbvdQ&index=39&list=PLirAqAtl_h2r5g8xGajEwdXd3x1sZh8hC&t=0s
38,"
      Eminem - Love The Way You Lie ft. Rihanna
    ",https://www.youtube.com/watch?v=uelHwf8o7_U&index=40&list=PLirAqAtl_h2r5g8xGajEwdXd3x1sZh8hC&t=0s
39,"
      FROZEN | Let It Go Sing-along | Official Disney UK
    ",https://www.youtube.com/watch?v=L0MK7qz13bU&index=41&list=PLirAqAtl_h2r5g8xGajEwdXd3x1sZh8hC&t=0s
40,"
      Silentó - Watch Me (Whip/Nae Nae) (Official)
    ",https://www.youtube.com/watch?v=vjW8wmF5VWc&index=42&list=PLirAqAtl_h2r5g8xGajEwdXd3x1sZh8hC&t=0s
41,"
      Natti Natasha ❌ Ozuna - Criminal [Official Video]
    ",https://www.youtube.com/watch?v=VqEbCxg2bNI&index=43&list=PLirAqAtl_h2r5g8xGajEwdXd3x1sZh8hC&t=0s
42,"
      Johny Johny Yes Papa and Many More Videos | Popular Nursery Rhymes Collection by ChuChu TV
    ",https://www.youtube.com/watch?v=kHSFpGBFGHY&index=44&list=PLirAqAtl_h2r5g8xGajEwdXd3x1sZh8hC&t=0s
43,"
      LMFAO - Party Rock Anthem ft. Lauren Bennett, GoonRock
    ",https://www.youtube.com/watch?v=KQ6zr6kCPj8&index=45&list=PLirAqAtl_h2r5g8xGajEwdXd3x1sZh8hC&t=0s
44,"
      MAGIC! - Rude (Official Video)
    ",https://www.youtube.com/watch?v=PIh2xe4jnpk&index=46&list=PLirAqAtl_h2r5g8xGajEwdXd3x1sZh8hC&t=0s
45,"
      HUGE EGGS Surprise Toys Challenge with Inflatable water slide
    ",https://www.youtube.com/watch?v=jjd-BeTX6U0&index=47&list=PLirAqAtl_h2r5g8xGajEwdXd3x1sZh8hC&t=0s
46,"
      J. Balvin - Ay Vamos
    ",https://www.youtube.com/watch?v=TapXs54Ah3E&index=48&list=PLirAqAtl_h2r5g8xGajEwdXd3x1sZh8hC&t=0s
47,"
      The Gummy Bear Song - Long English Version
    ",https://www.youtube.com/watch?v=astISOttCQ0&index=49&list=PLirAqAtl_h2r5g8xGajEwdXd3x1sZh8hC&t=0s
48,"
      twenty one pilots: Stressed Out [OFFICIAL VIDEO]
    ",https://www.youtube.com/watch?v=pXRviuL6vMY&index=50&list=PLirAqAtl_h2r5g8xGajEwdXd3x1sZh8hC&t=0s
49,"
      Bruno Mars - The Lazy Song [OFFICIAL VIDEO]
    ",https://www.youtube.com/watch?v=fLexgOxsZu0&index=51&list=PLirAqAtl_h2r5g8xGajEwdXd3x1sZh8hC&t=0s
50,"
      Dua Lipa - New Rules (Official Music Video)
    ",https://www.youtube.com/watch?v=k2qgadSvNyU&index=52&list=PLirAqAtl_h2r5g8xGajEwdXd3x1sZh8hC&t=0s
51,"
      Ricky Martin - Vente Pa' Ca (Official Video) ft. Maluma
    ",https://www.youtube.com/watch?v=iOe6dI2JhgU&index=53&list=PLirAqAtl_h2r5g8xGajEwdXd3x1sZh8hC&t=0s
52,"
      Drake - Hotline Bling
    ",https://www.youtube.com/watch?v=uxpDa-c-4Mc&index=54&list=PLirAqAtl_h2r5g8xGajEwdXd3x1sZh8hC&t=0s
53,"
      Maluma - Felices los 4 (Official Video)
    ",https://www.youtube.com/watch?v=t_jHrUE5IOk&index=55&list=PLirAqAtl_h2r5g8xGajEwdXd3x1sZh8hC&t=0s
54,"
      Justin Bieber - Love Yourself  (PURPOSE : The Movement)
    ",https://www.youtube.com/watch?v=oyEuk8j8imI&index=56&list=PLirAqAtl_h2r5g8xGajEwdXd3x1sZh8hC&t=0s
55,"
      The Weeknd - Starboy (official) ft. Daft Punk
    ",https://www.youtube.com/watch?v=34Na4j8AVgA&index=57&list=PLirAqAtl_h2r5g8xGajEwdXd3x1sZh8hC&t=0s
56,"
      Crazy Frog - Axel F
    ",https://www.youtube.com/watch?v=k85mRPqvMbE&index=58&list=PLirAqAtl_h2r5g8xGajEwdXd3x1sZh8hC&t=0s
57,"
      Ed Sheeran - Perfect (Official Music Video)
    ",https://www.youtube.com/watch?v=2Vv-BfVoq4g&index=59&list=PLirAqAtl_h2r5g8xGajEwdXd3x1sZh8hC&t=0s
58,"
      Ariana Grande - Side To Side ft. Nicki Minaj
    ",https://www.youtube.com/watch?v=SXiSVQZLje8&index=60&list=PLirAqAtl_h2r5g8xGajEwdXd3x1sZh8hC&t=0s
59,"
      Adele - Rolling in the Deep
    ",https://www.youtube.com/watch?v=rYEDA3JcQqw&index=61&list=PLirAqAtl_h2r5g8xGajEwdXd3x1sZh8hC&t=0s
60,"
      Romeo Santos - Propuesta Indecente (Official Video)
    ",https://www.youtube.com/watch?v=QFs3PIZb3js&index=62&list=PLirAqAtl_h2r5g8xGajEwdXd3x1sZh8hC&t=0s
61,"
      CNCO - Reggaetón Lento (Bailemos)
    ",https://www.youtube.com/watch?v=7jpqqBX-Myw&index=63&list=PLirAqAtl_h2r5g8xGajEwdXd3x1sZh8hC&t=0s
62,"
      John Legend - All of Me (Edited Video)
    ",https://www.youtube.com/watch?v=450p7goxZqg&index=64&list=PLirAqAtl_h2r5g8xGajEwdXd3x1sZh8hC&t=0s
63,"
      22. Hasta el Amanecer - Nicky Jam | Video Oficial
    ",https://www.youtube.com/watch?v=kkx-7fsiWgg&index=65&list=PLirAqAtl_h2r5g8xGajEwdXd3x1sZh8hC&t=0s
64,"
      Bruno Mars - That’s What I Like [Official Video]
    ",https://www.youtube.com/watch?v=PMivT7MJ41M&index=66&list=PLirAqAtl_h2r5g8xGajEwdXd3x1sZh8hC&t=0s
65,"
      Camila Cabello - Havana (Audio) ft. Young Thug
    ",https://www.youtube.com/watch?v=HCjNJDNzw8Y&index=67&list=PLirAqAtl_h2r5g8xGajEwdXd3x1sZh8hC&t=0s
66,"
      Becky G, Bad Bunny - Mayores (Official Video)
    ",https://www.youtube.com/watch?v=GMFewiplIbw&index=68&list=PLirAqAtl_h2r5g8xGajEwdXd3x1sZh8hC&t=0s
67,"
      The Chainsmokers & Coldplay - Something Just Like This (Lyric)
    ",https://www.youtube.com/watch?v=FM7MFYoylVs&index=69&list=PLirAqAtl_h2r5g8xGajEwdXd3x1sZh8hC&t=0s
68,"
      Chino y Nacho - Andas En Mi Cabeza ft. Daddy Yankee
    ",https://www.youtube.com/watch?v=AMTAQ-AJS4Y&index=70&list=PLirAqAtl_h2r5g8xGajEwdXd3x1sZh8hC&t=0s
69,"
      Ellie Goulding - Burn
    ",https://www.youtube.com/watch?v=CGyEd0aKWZE&index=71&list=PLirAqAtl_h2r5g8xGajEwdXd3x1sZh8hC&t=0s
70,"
      Jennifer Lopez - On The Floor ft. Pitbull
    ",https://www.youtube.com/watch?v=t4H_Zoh7G5A&index=72&list=PLirAqAtl_h2r5g8xGajEwdXd3x1sZh8hC&t=0s
71,"
      The Weeknd - The Hills
    ",https://www.youtube.com/watch?v=yzTuBuRdAyA&index=73&list=PLirAqAtl_h2r5g8xGajEwdXd3x1sZh8hC&t=0s
72,"
      Daddy Yankee | Shaky Shaky (Video Oficial)
    ",https://www.youtube.com/watch?v=aKuivabiOns&index=74&list=PLirAqAtl_h2r5g8xGajEwdXd3x1sZh8hC&t=0s
73,"
      Nicky Jam x J. Balvin - X (EQUIS) | Video Oficial | Prod. Afro Bros & Jeon
    ",https://www.youtube.com/watch?v=_I_D_8Z4sJE&index=75&list=PLirAqAtl_h2r5g8xGajEwdXd3x1sZh8hC&t=0s
74,"
      Calvin Harris & Disciples - How Deep Is Your Love
    ",https://www.youtube.com/watch?v=EgqUJOudrcM&index=76&list=PLirAqAtl_h2r5g8xGajEwdXd3x1sZh8hC&t=0s
75,"
      Calvin Harris - Summer
    ",https://www.youtube.com/watch?v=ebXbLfLACGM&index=77&list=PLirAqAtl_h2r5g8xGajEwdXd3x1sZh8hC&t=0s
76,"
      Taylor Swift - Bad Blood ft. Kendrick Lamar
    ",https://www.youtube.com/watch?v=QcIy9NiNbmo&index=78&list=PLirAqAtl_h2r5g8xGajEwdXd3x1sZh8hC&t=0s
77,"
      David Guetta - Hey Mama (Official Video) ft Nicki Minaj, Bebe Rexha & Afrojack
    ",https://www.youtube.com/watch?v=uO59tfQ2TbA&index=79&list=PLirAqAtl_h2r5g8xGajEwdXd3x1sZh8hC&t=0s
78,"
      MACKLEMORE & RYAN LEWIS - THRIFT SHOP FEAT. WANZ (OFFICIAL VIDEO)
    ",https://www.youtube.com/watch?v=QK8mJJJvaes&index=80&list=PLirAqAtl_h2r5g8xGajEwdXd3x1sZh8hC&t=0s
79,"
      Rihanna - Diamonds
    ",https://www.youtube.com/watch?v=lWA2pjMjpBs&index=81&list=PLirAqAtl_h2r5g8xGajEwdXd3x1sZh8hC&t=0s
80,"
      Johny Johny Yes Papa - THE BEST Song for Children | LooLoo Kids
    ",https://www.youtube.com/watch?v=F4tHL8reNCs&index=82&list=PLirAqAtl_h2r5g8xGajEwdXd3x1sZh8hC&t=0s
81,"
      Jessie J, Ariana Grande, Nicki Minaj - Bang Bang ft. Ariana Grande, Nicki Minaj
    ",https://www.youtube.com/watch?v=0HDdjwpPM3Y&index=83&list=PLirAqAtl_h2r5g8xGajEwdXd3x1sZh8hC&t=0s
82,"
      Joey Montana - Picky
    ",https://www.youtube.com/watch?v=RqpKDkVzlqU&index=84&list=PLirAqAtl_h2r5g8xGajEwdXd3x1sZh8hC&t=0s
83,"
      Maluma - Corazón (Official Video) ft. Nego do Borel
    ",https://www.youtube.com/watch?v=GmHrjFIWl6U&index=85&list=PLirAqAtl_h2r5g8xGajEwdXd3x1sZh8hC&t=0s
84,"
      Te Bote Remix - Casper, Nio García, Darell, Nicky Jam, Bad Bunny, Ozuna | Video Oficial
    ",https://www.youtube.com/watch?v=9jI-z9QN6g8&index=86&list=PLirAqAtl_h2r5g8xGajEwdXd3x1sZh8hC&t=0s
85,"
      Martin Garrix - Animals (Official Video)
    ",https://www.youtube.com/watch?v=gCYcHz2k5x0&index=87&list=PLirAqAtl_h2r5g8xGajEwdXd3x1sZh8hC&t=0s
86,"
      Bruno Mars - Just The Way You Are [OFFICIAL VIDEO]
    ",https://www.youtube.com/watch?v=LjhCEhWiKXk&index=88&list=PLirAqAtl_h2r5g8xGajEwdXd3x1sZh8hC&t=0s
87,"
      PULCINO PIO - El Pollito Pio (Official video)
    ",https://www.youtube.com/watch?v=dhsy6epaJGs&index=89&list=PLirAqAtl_h2r5g8xGajEwdXd3x1sZh8hC&t=0s
88,"
      Carlos Vives, Shakira - La Bicicleta
    ",https://www.youtube.com/watch?v=-UV0QGLmYys&index=90&list=PLirAqAtl_h2r5g8xGajEwdXd3x1sZh8hC&t=0s
89,"
      PSY - GENTLEMAN M/V
    ",https://www.youtube.com/watch?v=ASO_zypdnsQ&index=91&list=PLirAqAtl_h2r5g8xGajEwdXd3x1sZh8hC&t=0s
90,"
      Jason Derulo - Swalla (feat. Nicki Minaj & Ty Dolla $ign) (Official Music Video)
    ",https://www.youtube.com/watch?v=NGLxoKOvzu4&index=92&list=PLirAqAtl_h2r5g8xGajEwdXd3x1sZh8hC&t=0s
91,"
      Danny Ocean -  Me Rehúso (Official Audio)
    ",https://www.youtube.com/watch?v=aDCcLQto5BM&index=93&list=PLirAqAtl_h2r5g8xGajEwdXd3x1sZh8hC&t=0s
92,"
      21. El Perdón - Nicky Jam y Enrique Iglesias  [Official Music Video YTMAs]
    ",https://www.youtube.com/watch?v=hXI8RQYC36Q&index=94&list=PLirAqAtl_h2r5g8xGajEwdXd3x1sZh8hC&t=0s
93,"
      Sia - Cheap Thrills (Lyric Video) ft. Sean Paul
    ",https://www.youtube.com/watch?v=nYh-n7EOtMA&index=95&list=PLirAqAtl_h2r5g8xGajEwdXd3x1sZh8hC&t=0s
94,"
      Masha and The Bear - Bon appétit (Episode 24)
    ",https://www.youtube.com/watch?v=x1fe8-Qli9E&index=96&list=PLirAqAtl_h2r5g8xGajEwdXd3x1sZh8hC&t=0s
95,"
      Adele - Someone Like You
    ",https://www.youtube.com/watch?v=hLQl3WQQoQ0&index=97&list=PLirAqAtl_h2r5g8xGajEwdXd3x1sZh8hC&t=0s
96,"
      Eminem - Not Afraid
    ",https://www.youtube.com/watch?v=j5-yKhDd64s&index=98&list=PLirAqAtl_h2r5g8xGajEwdXd3x1sZh8hC&t=0s
97,"
      The Chainsmokers - Don't Let Me Down (Video) ft. Daya
    ",https://www.youtube.com/watch?v=Io0fBr1XBUA&index=99&list=PLirAqAtl_h2r5g8xGajEwdXd3x1sZh8hC&t=0s
98,"
      Maluma - El Perdedor (Official Video)
    ",https://www.youtube.com/watch?v=PJniSb91tvo&index=100&list=PLirAqAtl_h2r5g8xGajEwdXd3x1sZh8hC&t=0s
99,"
      El Amante - Nicky Jam (Video Oficial)  (Álbum Fénix)
    ",https://www.youtube.com/watch?v=YG2p6XBuSKA&index=101&list=PLirAqAtl_h2r5g8xGajEwdXd3x1sZh8hC&t=0s
