categoryId,channelId,channelTitle,commentCount,defaultLanguage,description,dislikeCount,favoriteCount,likeCount,liveBroadcastContent,publishedAt,tags,title,vidId,viewCount
10,UCLp8RBhQHu9wSsq62j_Md6A,LuisFonsiVEVO,2733364,xxNoneFoundxx,"‚ÄúDespacito‚Äù disponible ya en todas las plataformas digitales: https://UMLE.lnk.to/DOoUzFp 

Sigue a Luis Fonsi: 
Official Site: http://www.luisfonsi.com/ 
Facebook: https://www.facebook.com/luisfonsi/ 
Twitter: https://twitter.com/LuisFonsi 
Instagram: https://www.instagram.com/luisfonsi 

Music video by Luis Fonsi performing Despacito. (C) 2017 Universal Music Latino",3531366,0,29946246,none,2017-01-13T05:00:02.000Z,"['Luis', 'Fonsi', 'Despacito', 'UMLE', 'Latino', 'Latin', 'Pop', 'Luis Fonsi', 'DY', 'Daddy Yankee', 'Music Video', 'Oficial', 'Official Music Video', '#Despacito', 'Zuleyka Rivera', 'Super model', 'Miss Universe', 'PR', 'Puerto Rico']",Luis Fonsi - Despacito ft. Daddy Yankee,kJQP7kiw5Fk,5532012434
10,UC0C-w0YjGpqDXGB8IHb662A,Ed Sheeran,802689,en,"Stream or Download Shape Of You: https://atlanti.cr/2singles
√∑. Out Now: https://atlanti.cr/yt-album
Subscribe to Ed's channel: http://bit.ly/SubscribeToEdSheeran

Follow Ed on...
Facebook: http://www.facebook.com/EdSheeranMusic
Twitter: http://twitter.com/edsheeran
Instagram: http://instagram.com/teddysphotos
Official Website: http://edsheeran.com

Director|DOP: Jason Koenig
Producer: Honna Kimmerer
Production company: Anonymous Content
Exec Producer: Nina Soriano

Cinematography: Johnny Valencia, Ryan Haug 
Edited by: Johnny Valencia, Jason Koenig
Commissioner: Dan Curwin

Co-Starring: 
Jennie Pegouskie
Yama

-- | LYRICS |--

The club isn‚Äôt the best place to find a lover
So the bar is where I go 
Me and my friends at the table doing shots drinking fast and then we talk slow
you come over and start up a conversation with just me and trust me I‚Äôll give it a chance now
Take my hand stop, put van the man on the jukebox and then we start to dance
And now I‚Äôm singing like

Girl you know I want your love
Your love was handmade for somebody like me
Come on now follow my lead
I may be crazy don‚Äôt mind me 
Say boy let‚Äôs not talk too much 
Grab on my waist and put that body on me
Come on now follow my lead
Come come on now follow my lead

I‚Äôm in love with the shape of you
We push and pull like a magnet do
Although my heart is falling too
I‚Äôm in love with your body
Last night you were in my room 
And now my bed sheets smell like you 
Every day discovering something brand new
I‚Äôm in love with your body

Oh I X 4
I‚Äôm in love with your body
Oh I X 4
I‚Äôm in love with your body
Oh I X 4
I‚Äôm in love with your body
Every day discovering something brand new
I‚Äôm in love with the shape of you 

One week in we let the story begin
We‚Äôre going out on our first date
You and me are thrifty
So go all you can eat 
Fill up your bag and I fill up a plate
We talk for hours and hours about the sweet and the sour
And how your family‚Äôs doing ok
leave and get in a taxi, then kiss in the backseat
Tell the driver make the radio play
and I'm singing like

Girl you know I want your love
Your love was handmade for somebody like me
Come on now follow my lead 
I may be crazy, don‚Äôt mind me
Say boy let‚Äôs not talk too much 
Grab on my waist and put that body on me
Come on now follow my lead
Come come on now follow my lead

I‚Äôm in love with the shape of you
We push and pull like a magnet do
Although my heart is falling too
I‚Äôm in love with your body
Last night you were in my room 
And now my bed sheets smell like you 
Every day discovering something brand new

Well I‚Äôm in love with your body
Oh I x 4 
I‚Äôm in love with your body
Oh I x 4
I‚Äôm in love with your body
Oh I X 4
I‚Äôm in love with your body
Every day discovering something brand new
I‚Äôm in love with the shape of you 

Come on be my baby come on X 8

I‚Äôm in love with the shape of you
We push and pull like a magnet do
Although my heart is falling too
I‚Äôm in love with your body
Last night you were in my room 
And now my bed sheets smell like you 
Every day discovering something brand new

Well I‚Äôm in love with your body
Come on be my baby come on X 6
Every day discovering something brand new
I‚Äôm in love with the shape of you",1014670,0,17756319,none,2017-01-30T10:57:50.000Z,"['edsheeran', 'ed sheeran', 'acoustic', 'live', 'cover', 'official', 'remix', 'official video', 'lyrics', 'session', 'Ed', 'Sheeran', 'Shape', 'Of', 'You', 'Shape of You', 'Divide', 'ŒïŒΩœÑ Œ£Œ∑œÅŒ±ŒΩ', 'ŒïŒ¥ Œ£Œ∑ŒµŒµœÅŒ±ŒΩ', 'ŒïŒΩœÑ Œ£ŒπœÅŒ±ŒΩ']",Ed Sheeran - Shape of You [Official Video],JGwWNGJdvx8,3814028550
10,UCrDkAvwZum-UTjHmzDI2iIw,officialpsy,5259712,xxNoneFoundxx,"PSY - ‚ÄòI LUV IT‚Äô M/V @ https://youtu.be/Xvjnoagk6GU
PSY - ‚ÄòNew Face‚Äô M/V @https://youtu.be/OwJPPaEyqhI

PSY - 8TH ALBUM '4X2=8' on iTunes @
https://smarturl.it/PSY_8thAlbum

PSY - GANGNAM STYLE(Í∞ïÎÇ®Ïä§ÌÉÄÏùº) on iTunes @ http://smarturl.it/PsyGangnam

#PSY #Ïã∏Ïù¥ #GANGNAMSTYLE #Í∞ïÎÇ®Ïä§ÌÉÄÏùº

More about PSY@
http://www.psypark.com/
http://www.youtube.com/officialpsy
http://www.facebook.com/officialpsy
http://twitter.com/psy_oppa
https://www.instagram.com/42psy42
http://iTunes.com/PSY
http://sptfy.com/PSY
http://weibo.com/psyoppa
http://twitter.com/ygent_official",2096696,0,14843667,none,2012-07-15T07:46:32.000Z,"['PSY', 'Ïã∏Ïù¥', 'Í∞ïÎÇ®Ïä§ÌÉÄÏùº', 'ÎÆ§ÏßÅÎπÑÎîîÏò§', 'Music Video', 'Gangnam Style', 'KOREAN SINGER', 'KPOP', 'KOERAN WAVE', 'PSY 6Áî≤', '6th Studio Album', 'Ïã∏Ïù¥6Ïßë', 'Ïú°Í∞ë', 'YG Family', 'YG Entertainment']",PSY - GANGNAM STYLE(Í∞ïÎÇ®Ïä§ÌÉÄÏùº) M/V,9bZkp7q19f0,3214994220
10,UCHkj014U2CQ2Nv0UZeYpE_A,JustinBieberVEVO,705138,xxNoneFoundxx,"‚ÄòPurpose‚Äô Available Everywhere Now!
iTunes: http://smarturl.it/PurposeDlx?IQid=VEVO1113 
Stream & Add To Your Spotify Playlist: http://smarturl.it/sPurpose?IQid=VEVO1113 
Google Play: http://smarturl.it/gPurpose?IQid=VEVO1113 
Amazon: http://smarturl.it/aPurpose?IQid=VEVO1113 

Produced by: BLOOD and Skrillex

Director: Parris Goebel
Producer: Justin Bieber, Scott ""Scooter"" Braun and Parris Goebel
Animator: John Hwang 
Production Company: SB Films and Taktix Films
Choreographer: Parris Goebel
Dancers: The Ladies of ReQuest & The Royal Family Dance Crews from The Palace Dance Studio, NZ


Follow Justin:
http://facebook.com/justinbieber
http://twitter.com/justinbieber
http://instagram.com/justinbieber
http://shots.com/justinbieber 
http://fahlo.me/justinbieber
And sign up to Justin‚Äôs newsletter: http://justinbiebermusic.com
Snapchat: rickthesizzler
 
Lyrics: Sorry ‚Äì Justin Bieber
 
You gotta go and get 
Angry at all of my honesty
You know I try but I don't do too well with apologies 
I hope I don't run out of Time could someone call the referee
Cause I just need one more shot at forgiveness 
 
I know you know that I 
made those mistakes maybe once or twice 
And by once or twice I Mean 
Maybe a couple a hundred times 
So let me oh let me 
Redeem oh redeem oh my self tonight 
Cause I just need one more shot at second chances 
 
Yeah
Is it too late now to say sorry 
Cause I‚Äôm missing more than just your body 
Is it too late now to say sorry 
Yeah I know that I let you down 
Is it too late to say I'm sorry now 
I‚Äôm sorry yeah
Sorry yeah
Sorry
Yeah I know that I let you down
Is it too late to say I‚Äôm sorry now
 
I'll take every single piece of the blame 
If you want me too 
But you know that there is no innocent one in this game for two
I'll go I'll go and then 
You go you go out and spill the truth 
Can we both say the words and forget this 
 
Yeah
Is it too late now to say sorry 
Cause I‚Äôm missing more than just your body 
Is it too late now to say sorry 
Yeah I know that I let you down 
Is it too late to say I'm sorry now 
 
I'm not just trying to get you back on me
Cause I‚Äôm missing more than just your body 
Is it too late now to say sorry 
Yeah I know that I let you down 
Is it too late to say I'm sorry now 
 
I‚Äôm sorry (yeah)
Sorry (oh)
Sorry
Yeah I know that I let you down 
Is it too late to say I'm sorry now 
 
I‚Äôm sorry (yeah)
Sorry (oh)
Sorry
Yeah I know that I let you down 
Is it too late to say I'm sorry now  

http://vevo.ly/Uf3y0K

¬©: 2015 Def Jam Recordings, a division of UMG Recordings, Inc.",1388821,0,10755134,none,2015-10-22T20:00:02.000Z,"['Justin', 'Bieber', 'Sorry', 'justin bieber let me love you', 'justin bieber baby', 'justin bieber love yourself', 'justin bieber songs', 'justin bieber cold water', 'justin bieber', 'sorry lyrics', 'sorry justin bieber', 'sorry justin bieber lyrics', 'sorry acoustic justin bieber', 'sorry justin bieber remix', 'sorry justin bieber live', 'sorry justin bieber acoustic', 'sorry purpose', 'purpose', 'sorry purpose Justin Bieber', 'purpose the movement', 'justin bieber the movement', 'the']",Justin Bieber - Sorry (PURPOSE : The Movement),fRh_vgS2dFE,3012007209
10,UCN1hnUccO4FD5WfM7ithXaw,Maroon5VEVO,303930,xxNoneFoundxx,"Buy Sugar on iTunes: http://smarturl.it/M5V

Sign up for updates: http://smarturl.it/Maroon5.News

Catch Maroon 5 on tour all year long  at www.maroon5.com

Music video by Maroon 5 performing Sugar. (C) 2015 Interscope Records",430113,0,9062317,none,2015-01-14T15:00:11.000Z,"['Maroon', 'Sugar', 'Maroon 5', ""maroon 5 don't wanna know"", 'maroon 5 sugar', 'maroon 5 she will be loved', 'maroon 5 one more night', 'maroon 5 payphone', 'sugar maroon 5 karaoke', 'sugar lyrics', 'maroon 5 sugar lyrics', 'sugar maroon']",Maroon 5 - Sugar,09R8_2nJtjg,2748418364
10,UCANLZYMidaCbLQFWXBC95Jg,TaylorSwiftVEVO,488097,xxNoneFoundxx,"Listen to 1989 from Taylor Swift here: https://taylor.lnk.to/1989dlxID   

Shop official Taylor Swift merch here: http://taylor.lk/merch

http://www.vevo.com/watch/USCJY1431460?utm_source=youtube&utm_medium=description&utm_campaign=ytd

Music video by Taylor Swift performing Shake It Off. (C) 2014 Big Machine Records, LLC.",883573,0,7791497,none,2014-08-18T21:18:00.000Z,"['Taylor', 'Swift', 'Shake', 'It', 'Off', 'Big', 'Machine', 'Records', 'LLC', 'Pop']",Taylor Swift - Shake It Off,nfWlot6h_JM,2646682845
10,UC-8Q-hLdECwQmaWNwXitYDw,KatyPerryVEVO,583258,xxNoneFoundxx,"Get ‚ÄúRoar‚Äù from Katy Perry‚Äôs ‚ÄòPRISM‚Äô: http://katy.to/PRISM
WITNESS: The Tour tickets available now! https://www.katyperry.com/tour

Official music video for Katy Perry's ""Roar"" brought to you in Junglescope directed by Grady Hall & Mark Kudsi and produced by Javier Jimenez, Danny Lockwood, Patrick Nugent, Derek Johnson and Oualid Mouaness.

Follow Katy:
http://www.katyperry.com
http://youtube.com/katyperry
http://twitter.com/katyperry
http://facebook.com/katyperry
http://instagram.com/katyperry

Lyrics:
I used to bite my tongue and hold my breath
Scared to rock the boat and make a mess
So I sit quietly
Agree politely
 
I guess that I forgot I had a choice
I let you push me past the breaking point
I stood for nothing
So I fell for everything
 
(Pre-Chorus)
You held me down but I got up
Already brushing off the dust
You hear my voice, you hear that sound
Like thunder, gonna shake the ground
 
You held me down but I got up
Get ready ‚Äôcause I‚Äôve had enough
I see it all, I see it now
 
(Chorus)
I got the eye of the tiger, a fighter
Dancing through the fire
‚ÄòCause I am a champion
And you‚Äôre gonna hear me roar
 
Louder, louder than a lion
‚ÄòCause I am a champion
And you‚Äôre gonna hear me roar
You‚Äôre gonna hear me roar
 
Now I‚Äôm floating like a butterfly
Stinging like a bee, I earned my stripes
I went from zero
To my own hero
 
(Pre-Chorus)
You held me down but I got up
Already brushing off the dust
You hear my voice, you hear that sound
Like thunder, gonna shake the ground
 
You held me down but I got up
Get ready ‚Äôcause I‚Äôve had enough
I see it all, I see it now
 
(Chorus)
I got the eye of the tiger, a fighter
Dancing through the fire
‚ÄòCause I am a champion
And you‚Äôre gonna hear me roar

Music video by Katy Perry performing Roar. (C) 2013 Capitol Records, LLC",717297,0,8612023,none,2013-09-05T20:00:22.000Z,"['Katy perry', 'roar', 'music video', 'official', 'roar video', 'prism']",Katy Perry - Roar (Official),CevxZvSJLk8,2633904518
10,UC0C-w0YjGpqDXGB8IHb662A,Ed Sheeran,274383,xxNoneFoundxx,"The official video for 'Thinking Out Loud', Ed learnt to dance! 
'x', available to buy via iTunes here: http://smarturl.it/x-itunesdlx
Featuring and taught by @dance10Brittany and @dance10Paul

Subscribe to my channel: http://bit.ly/SubscribeToEdSheeran
Go behind the scenes of the video: http://bit.ly/ThinkingOutLoudBTS
Hear the rest of my album, 'x': http://bit.ly/XOfficialPlaylist
Audio of 'Thinking Out Loud': http://youtu.be/WpyfrixXBqU

Hey German fans! View here: http://smarturl.it/ThinkingOutLoud-DE

Buy on CD & Vinyl here: http://smarturl.it/x-album
Buy on Google Play: http://smarturl.it/x-googleplaydlx

Follow me on...
Facebook: http://www.facebook.com/EdSheeranMusic
Twitter: http://twitter.com/edsheeran
Instagram: http://instagram.com/teddysphotos
Official Website: http://edsheeran.com

** The best artists, the best albums, the best price **
Get the FREE app now & be the first to discover TOP MUSIC DEALS
http://Smarturl.it/top-music-deal",420679,0,9153636,none,2014-10-07T13:57:37.000Z,"['edsheeran', 'ed sheeran', 'acoustic', 'live', 'cover', 'official', 'remix', 'official video', 'lyrics', 'session', 'Ed Sheeran (Musical Artist)', 'thinking out loud', 'ed sheeran thinking out loud', 'thinking out loud official video', 'thinking out loud official', 'thinking out loud lyrics', 'thinking out loud live', 'ed sheeran live', 'thinking out loud karaoke', 'thinking out loud acoustic', 'ed sheeran acoustic', 'thinking out loud audio', 'thinking out loud remix', 'Warner Music Group (Record Label)', 'WMG', 'GRAMMYS']",Ed Sheeran - Thinking Out Loud [Official Video],lp-EO5I60KA,2485886060
10,UC-8Q-hLdECwQmaWNwXitYDw,KatyPerryVEVO,592456,xxNoneFoundxx,"Get ""Dark Horse"" from Katy Perry's 'PRISM': http://katy.to/PRISM
WITNESS: The Tour tickets available now! https://www.katyperry.com/tour

Directed by Matthew Cullen & Produced by Dawn Rose, Danny Lockwood, Javier Jimenez, and Derek Johnson

Follow Katy:
http://www.katyperry.com
http://youtube.com/katyperry
http://twitter.com/katyperry
http://facebook.com/katyperry
http://instagram.com/katyperry

Lyrics:
I knew you were
You were gonna come to me
And here you are
But you better choose carefully
‚ÄòCause I am capable of anything
Of anything and everything
Make me your Aphrodite
Make me your one and only
But don‚Äôt make me your enemy
Your enemy, your enemy

(Pre-Chorus)
So you wanna play with magic
Boy, you should know what you‚Äôre fallin‚Äô for
Baby, do you dare to do this
‚ÄòCause I‚Äôm coming atcha like a dark horse

(Chorus)
Are you ready for, ready for
A perfect storm, perfect storm
‚ÄòCause once you‚Äôre mine, once you‚Äôre mine
There‚Äôs no going back

Mark my words
This love will make you levitate
Like a bird
Like a bird without a cage
But down to earth
If you choose to walk away
Don‚Äôt walk away
It‚Äôs in the palm of your hand now, baby
It‚Äôs a yes or a no, no maybe
So just be sure
Before you give it all to me
All to me
Give it all to me

(Pre-Chorus)
So you wanna play with magic
Boy, you should know what you‚Äôre fallin‚Äô for
Baby, do you dare to do this
‚ÄòCause I‚Äôm coming atcha like a dark horse

(Chorus)
Are you ready for, ready for
A perfect storm, perfect storm
‚ÄòCause once you‚Äôre mine, once you‚Äôre mine
There‚Äôs no going back

(Juicy J)
She‚Äôs a beast
I call her Karma
She‚Äôll eat your heart out
Like Jeffrey Dahmer

Be careful
Try not to lead her on
Shorty heart is on steroids
‚ÄòCause her love is so strong

You may fall in love when you meet her
If you get the chance, you better keep her
She‚Äôs sweet as pie, but if you break her heart
She‚Äôll turn cold as a freezer

That fairy tale ending with a knight in shining armor
She can be my Sleeping Beauty
I‚Äôm gon‚Äô put her in a coma

Now I think I love her
Shorty so bad, sprung and I don‚Äôt care
She ride me like a roller coaster
Turned the bedroom into a fair

Her love is like a drug
I was tryna hit it and quit it
But lil‚Äô mama so dope
I messed around and got addicted

(Pre-Chorus)
So you wanna play with magic
Boy, you should know what you‚Äôre fallin‚Äô for
Baby, do you dare to do this
‚ÄòCause I‚Äôm coming atcha like a dark horse

(Chorus)
Are you ready for, ready for
A perfect storm, perfect storm
‚ÄòCause once you‚Äôre mine, once you‚Äôre mine
There‚Äôs no going back


Music video by Katy Perry performing Dark Horse. (C) 2014 Capitol Records, LLC",962240,0,7768435,none,2014-02-20T20:00:03.000Z,"['Katy perry', 'dark horse', 'official', 'music video', 'juicy j', 'katy perry dark horse', 'dark horse video', 'prism']",Katy Perry - Dark Horse (Official) ft. Juicy J,0KSOMA3QBU0,2425596144
10,UComP_epzeKzvBX156r6pm1Q,AdeleVEVO,915290,xxNoneFoundxx,"‚ÄòHello' is taken from the new album, 25, out November 20. http://adele.com
Available now from iTunes http://smarturl.it/itunes25 
Available now from Amazon http://smarturl.it/25amazon 
Available now from Google Play http://smarturl.it/25gplay
Available now at Target (US Only): http://smarturl.it/target25

Directed by Xavier Dolan, @XDolan

Follow Adele on:

Facebook - https://www.facebook.com/Adele
Twitter - https://twitter.com/Adele 
Instagram - http://instagram.com/Adele

http://vevo.ly/jzAuJ1

Commissioner: Phil Lee
Production Company: Believe Media/Sons of Manual/Metafilms
Director: Xavier Dolan
Executive Producer: Jannie McInnes
Producer: Nancy Grant/Xavier Dolan
Cinematographer:  Andr√© Turpin
Production design : Colombe Raby
Editor: Xavier Dolan
Adele's lover : Tristan Wilds",761271,0,13630591,none,2015-10-23T06:54:18.000Z,"['Adele', '21', '19', 'Someone Like You', 'Chasing Pavements', 'Set Fire to the Rain', 'Rolling in the Deep', 'XL Recordings']",Adele - Hello,YQHsXMglC9A,2402733313
10,UCMJ5Qf3sOvQpcYiai1Noa3Q,Major Lazer,383906,xxNoneFoundxx,"OFFICIAL MUSIC VIDEO | MAJOR LAZER & DJ SNAKE - LEAN ON (FEAT. M√ò) 

SUBSCRIBE TO THE MAJOR LAZER YOUTUBE CHANNEL - http://majorlazer.fm/YouTube


""India is special and its beauty absolutely humbled me. When we toured there as Major Lazer, it was mind blowing to see our fan-base and we wanted to incorporate the attitude and positive vibes into our video and just do something that embodies the essence of Major Lazer. Major Lazer has always been a culture mashup and to us, India feels like some kind of special creature with one foot in history and one firmly in the future. The experience is something we'll never forget.""

- Diplo on making the ""Lean On"" video in India

¬Æ‚òÆ PEACE IS THE MISSION ¬Æ‚òÆ OUT NOW: http://smarturl.it/PITMiTunes

STREAM LEAN ON:
SPOTIFY -  http://smarturl.it/MajorLazerHits
SOUNDCLOUD - http://smarturl.it/LeanOnStream 
PANDORA - http://smarturl.it/MajorLazerPandora

DOWNLOAD LEAN ON:
ITUNES - http://smarturl.it/LeanOniTunes 
AMAZON - http://smarturl.it/LeanOnAmazon
BEATPORT - http://smarturl.it/LeanOnBP

FOLLOW MAJOR LAZER:
WEBSITE - http://www.majorlazer.com
FACEBOOK - http://majorlazer.fm/Facebook
TWITTER - http://majorlazer.fm/Twitter
INSTAGRAM - http://majorlazer.fm/Instagram
SOUNDCLOUD - http://majorlazer.fm/SoundCloud

MAJOR LAZER ON TOUR - http://majorlazer.fm/Tour

GET MAJOR LAZER GEAR 
WEBSTORE - http://www.LazersNeverDie.com
AMAZON (Free Prime Shipping) - http://smarturl.it/supermarketteAZ

Director - Tim Erem
Producer - Per Wel√©n
Prod. Co - Diktator
DoP - Jacob M√∂ller
Editor - Leila Sarraf (Trim Editing)
Colorist - Matt Osborne (The Mill)
Stylist - Violetta Kassapi

India Crew:
Producer - Mikhail Mehra 
Producer - Akshay Multani 
Associate Director - Mikhail Mehra 
Assistant DOP - Zaryan Patel 
Assistant Stylist - NorBlack NorWhite 
Line Producer - Durgesh Dadich 
Choreographer - Paresh Shirodkar 

Production company: Motion Eccentric√°

Special thanks to VH1 Supersonic and Oji

#MajorLazer
#LeanOn
#M√ò
#DJSnake",449047,0,9547344,none,2015-03-23T04:00:45.000Z,"['major lazer', 'DJ Snake', 'Lean on', 'Major lazer lean on', 'lean on major lazer', 'dj snake lean on', 'lean on dj snake', 'major lazer dj snake', 'lean on music video', 'major lazer music video', 'M√ò', 'music video', 'diplo', 'jillionaire', 'walshy fire', 'Peace is the mission', 'majorlazer', 'Major Laser', 'major laser songs', 'major lazer musique', 'chanson de major lazer', 'chanson major lazer', ""tube de l'√©t√© 2015"", ""son de l'√©t√© 2015"", 'leon on']",Major Lazer & DJ Snake - Lean On (feat. M√ò) (Official Music Video),YqeW9_5kURI,2388769747
10,UCANLZYMidaCbLQFWXBC95Jg,TaylorSwiftVEVO,527019,xxNoneFoundxx,"No animals, trees, automobiles or actors were harmed in the making of this video.  

Listen to 1989 from Taylor Swift here: https://taylor.lnk.to/1989dlxID    

Shop official Taylor Swift merch here: http://taylor.lk/merch

http://www.vevo.com/watch/USCJY1431509?utm_source=youtube&utm_medium=description&utm_campaign=ytd",633907,0,8317353,none,2014-11-10T17:05:44.000Z,"['Taylor Swift', 'Blank space', 'taylor swift blank space', '1989', '1989 album', 'pop. country']",Taylor Swift - Blank Space,e-ORhEE9VVg,2341237270
10,UCf3cbfAXgPFL6OywH7JwOzA,MeghanTrainorVEVO,450672,xxNoneFoundxx,"Meghan Trainor's official music video for 'All About That Bass'. Click to listen to Meghan Trainor on Spotify: http://smarturl.it/MegTSpotify?IQid=M...

As featured on Title. Click to buy the track or album via iTunes: http://smarturl.it/MTTitleiTunes?IQid...
Google Play: http://smarturl.it/MTThatBassPlay?IQi...
Amazon: http://smarturl.it/MTTitleAz?IQid=MTr...

More from Meghan Trainor
Dear Future Husband: https://youtu.be/ShlW5plD_40
Like I'm Gonna Lose You: https://youtu.be/2-MBfn8XjIU
Lips Are Movin: https://youtu.be/qDc_5zpBj7s

More great global hits videos here: http://smarturl.it/GlobalHits?IQid=MT...

Follow Meghan Trainor
Website: http://www.meghan-trainor.com/
Facebook: https://www.facebook.com/meghantraino...
Twitter: https://twitter.com/meghan_trainor
Instagram: https://instagram.com/meghan_trainor

Subscribe to Meghan Trainor on YouTube: http://smarturl.it/MeghanTSub?IQid=MT...

Choreographed by: Charm La‚Äô Donna

---------

Lyrics:

Because you know I'm all about that bass
'Bout that bass, no treble
I'm all about that bass
'Bout that bass, no treble
I'm all about that bass
'Bout that bass, no treble
I'm all about that bass
'Bout that bass... bass... bass... bass

Yeah, it's pretty clear, I ain't no size two
But I can shake it, shake it, like I'm supposed to do
'Cause I got that boom boom that all the boys chase
And all the right junk in all the right places

I see the magazine workin' that Photoshop
We know that shit ain't real, come on now, make it stop
If you got beauty, beauty, just raise 'em up
'Cause every inch of you is perfect from the bottom to the top

Yeah, my mama she told me don't worry about your size
(Shoo wop wop, sha-ooh wop wop)
She says, Boys like a little more booty to hold at night
(That booty, uh, that booty booty)
You know I won't be no stick figure silicone Barbie doll
So if that what you're into, then go 'head and move along""",777883,0,6645095,none,2014-06-11T14:00:07.000Z,"['Meghan Trainor', 'MeghanTrainorvevo', 'acoustic', 'music', 'Meghan Trainor official', 'instrumental', 'video', 'Meghan Trainor All About That Bass live', 'Meghan Trainor live', 'Meghan Trainor All About That Bass karaoke', 'pop', 'vevo', 'Meghan Trainor All About That Bass instrumental', 'Meghan Trainor All About That Bass lyrics', 'Title EP', 'Title', 'official', 'No', 'download', 'Me Too', 'meghan trainor all about that bass parody', 'Dear Future Husband', 'karaoke', 'Better', 'When', 'Im']",Meghan Trainor - All About That Bass,7PCkvCPvDXk,2225830889
10,UCaHNFIob5Ixv74f5on3lvIw,CalvinHarrisVEVO,275466,xxNoneFoundxx,"Calvin Harris - This Is What You Came For feat. Rihanna
Get it now: http://smarturl.it/DownloadCH?IQid=YT
Listen: http://smarturl.it/StreamCH?IQid=YT

Subscribe to Calvin's channel: http://smarturl.it/CHVevo?IQid=YT

--------------

Follow Calvinonline:
http://calvinharris.com
Snapchat: CalvinHarris
Instagram: http://smarturl.it/CHInstagram?IQid=YT
Facebook: http://smarturl.it/CHFacebook?IQid=YT
Twitter: http://smarturl.it/CHTwitter?IQid=YT
Spotify: http://smarturl.it/CHSptfy?IQid=YT
Google+: http://smarturl.it/CHGPlus?IQid=YT

--------------

Follow Rihanna online:
Instagram : http://instagram.com/badgalriri 
Twitter : https://twitter.com/Rihanna 
Facebook : https://facebook.com/Rihanna
YouTube : http://youtube.com/user/Rihanna
Website : http://Rihannanow.com

--------------

Download
iTunes: http://smarturl.it/CH.iTunes?IQid=YT
Google Play: http://smarturl.it/CHGoogleP?IQid=YT
Amazon MP3: http://smarturl.it/CHAmzMP3?IQid=YT
7Digital: http://smarturl.it/CH7dig?IQid=YT""",453221,0,7090789,none,2016-06-17T04:01:00.000Z,"['Calvin Harris', 'calvin harris', 'CalvinHarrisvevo', 'calvin harris feels', 'calvin harris summer', 'vevo', 'calvin harris slide', 'official', 'calvin harris faking it', 'video', 'calvin harris thinking about you', 'music video', 'calvin harris my way', 'hq', 'calvin harris feel so close', 'single', 'album', 'calvin harris how deep is your love', 'Rihanna', 'calvin harris bounce', 'Taylor Swift', 'calvin harris rihanna', 'This Is What You Came For', 'calvin harris nuh ready nuh ready', 'is']",Calvin Harris - This Is What You Came For (Official Video) ft. Rihanna,kOkQ4T5WO9E,2091677136
10,UCrHL_BF5lHyK43BxLU8-vBQ,jbalvinVEVO,433467,xxNoneFoundxx,"J BALVIN & WILLY WILLIAM ‚ÄúMI GENTE‚Äù
https://UMLE.lnk.to/-Rc9DFp 

Connect with J Balvin:
https://www.facebook.com/JBalvinOficial/
https://www.instagram.com/jbalvin/
https://twitter.com/JBALVIN

Connect with Willy William:
https://www.facebook.com/willywilliamofficiel/
https://www.instagram.com/willywilliamofficiel/
https://twitter.com/willy_william

Music video by J. Balvin, Willy William performing Mi Gente. (C) 2017 Scorpio Music Under Exclusive License To Universal Music Latin Entertainment

http://vevo.ly/cRfYgm",704318,0,10691801,none,2017-06-30T04:00:05.000Z,"['J.', 'Balvin', 'Willy', 'William', 'Mi', 'Gente', 'EMI', 'Latin', '(LAT)', 'Urban']","J Balvin, Willy William - Mi Gente (Official Video)",wnJ6LuUFpMo,2029426412
10,UCHkj014U2CQ2Nv0UZeYpE_A,JustinBieberVEVO,4639387,xxNoneFoundxx,"Music video by Justin Bieber performing Baby feat. Ludacris.
#VEVOCertified on April 25, 2010. http://www.youtube.com/vevocertified",9493773,0,9885858,none,2010-02-19T08:16:34.000Z,"['Justin', 'Bieber', 'Island', 'Def', 'Jam', 'Pop', '#VEVOCertified']",Justin Bieber - Baby ft. Ludacris,kffacxfA7G4,1980655552
10,UCHkj014U2CQ2Nv0UZeYpE_A,JustinBieberVEVO,473134,xxNoneFoundxx,"‚ÄòPurpose‚Äô Available Everywhere Now!
iTunes: http://smarturl.it/PurposeDlx?IQid=VEVO1113 
Stream & Add To Your Spotify Playlist: http://smarturl.it/sPurpose?IQid=VEVO1113 
Google Play: http://smarturl.it/gPurpose?IQid=VEVO1113 
Amazon: http://smarturl.it/aPurpose?IQid=VEVO1113 

Director: Brad Furman
Production Company: Happy Place
Producer: Roger Ubina
Executive Producer: Tara Razavi
 
Download or stream the single below:
iTunes: http://smarturl.it/iWDYM?IQid=YT
Google: http://smarturl.it/gWDYM?IQid=YT
Amazon: http://smarturl.it/aWDYM?IQid=YT
Stream On Spotify & Add To Your Playlist: http://smarturl.it/sWDYM?IQid=YT
 
Follow Justin:
http://facebook.com/justinbieber
http://twitter.com/justinbieber
http://instagram.com/justinbieber
http://shots.com/justinbieber 
http://fahlo.me/justinbieber
And sign up to Justin‚Äôs newsletter: http://justinbiebermusic.com
 
Lyrics:
What do you mean?
When you nod your head yes
But you wanna say no
What do you mean?
When you don‚Äôt want me to move
But you tell me to go
What do you mean?
Said we‚Äôre running out of time
Trying to catch the beat make up your mind
What do you mean?
Better make up your mind
What do you mean?
You‚Äôre so indecisive of what I‚Äôm saying
Don‚Äôt want us to end where do I start
First you wanna go left and you want to turn right
First you up and you‚Äôre down and then between

Ohh I really want to know‚Ä¶

When you nod your head yes
But you wanna say no
What do you mean?
What do you mean?
But you tell me to go
Said we‚Äôre running out of time
What do you mean?
Better make up your mind
What do you mean?
You‚Äôre overprotective when I‚Äôm leaving
Trying to compromise but I can‚Äôt win
You wanna make a point but you keep preaching
You had me from the start won‚Äôt let this end
First you wanna go left and you want to turn right
Wanna argue all day make love all night
First you up and you‚Äôre down and then between
Ohh I really want to know‚Ä¶
What do you mean?
When you nod your head yes
What do you mean?
When you don‚Äôt want me to move
But you tell me to go
What do you mean?
Said we‚Äôre running out of time
What do you mean?
Better make up your mind
What do you mean?

http://vevo.ly/zvsAcK",961729,0,7187135,none,2015-08-31T03:00:00.000Z,"['Justin Bieber', 'What Do You Mean']",Justin Bieber - What Do You Mean?,DK_0jXPuIr0,1942456110
10,UC09d82usokACH1z5YeKnfiA,FifthHarmonyVEVO,413406,xxNoneFoundxx,"\""""7/27"""" available at:
iTunes: http://smarturl.it/7.27
Amazon: http://smarturl.it/727_Amzn
Spotify: http://smarturl.it/727_Spotify
Google: http://smarturl.it/727_GP
Apple Music: http://smarturl.it/727_Apple

http://www.fifthharmonyofficial.com
http://youtube.com/FifthHarmonyVEVO
http://twitter.com/FifthHarmony
https://www.facebook.com/fifthharmony
http://instagram.com/fifthharmony

Lyrics:
I ain't worried bout nothin
I ain't wearin na nada
I'm sitting pretty, impatient
But I know you gotta
Put in those hours
Imma make it harder
I'm sendin pic after picture
Imma get you fired
I know you're always on that night shift
But I can't stand these nights alone
I don't need no explanation
Baby you're the boss at home

You don't gotta go to work
But you gotta put in work
You don't gotta go to work
Let my body do the work
We can work from home

Let's put it into motion
Imma give you a promotion
I'll make it feel like a vacay
Turn the bed into an ocean
We don't need nobody
I just need your body
Nothin but sheets in between us
Ain't no gettin off early

Oh, yeah
Girl gotta work for me
Can you make it clap
No hands for me
Take it to the ground
Pick it up for me
Look back at it
All on for me
Put in work like my timesheet
She ride it like a '63
Imma buy her no Celine
Let her ride in a foreign with me
Oh, she the bae, I'm her boo
And she down to break the rules
Ride or die, she gone go
I won't judge, she finesse
I pipe her, she take that
Puttin' overtime on your body

(C) 2016 Simco Ltd. under exclusive license to Epic Records, a division of Sony Music Entertainment""",506216,0,7066057,none,2016-02-26T12:05:00.000Z,"['Worth It', 'Reflection', ""I'm In Love With A Monster"", 'X-Factor', '5H', '5H2', '7/27', '5/20/16', 'May 20', '7/27 album', 'Harmonizers', 'Sledgehammer', 'BO$$', 'BOSS', 'Better Together', 'Syco', 'Ally Brooke', 'Normani Kordei', 'Dinah Jane', 'Camila Cabello', 'Lauren Jauregui', 'I Know What You Did Last Summer', 'Shawn Mendes', ""Miss Movin' On"", 'Girl Group', 'Write On Me', 'All In My Head (Flex)', 'Fetty Wap', ""That's My Girl"", 'Not That Kind of Girl', 'Squeeze', 'I Lied', 'Gonna Get Better', 'Dope', 'No']",Fifth Harmony - Work from Home ft. Ty Dolla $ign,5GL9JoH4Sws,1914759842
10,UCmKdSrwf1e8coqAzUsrVHZw,SiaVEVO,463324,xxNoneFoundxx,"Sia's official music video for 'Chandelier'. Click to listen to Sia on Spotify: http://smarturl.it/SSpot?IQid=SiaC

As featured on 1000 Forms Of Fear. Click to buy the track or album via iTunes: http://smarturl.it/SFOFiTunes?IQid=SiaC
Google Play: http://smarturl.it/SCPlay?IQid=SiaC
Amazon: http://smarturl.it/SFOFAm?IQid=SiaC

More from Sia
Big Girls Cry: https://youtu.be/4NhKWZpkw1Q
Fire Meet gasoline: https://youtu.be/fNdeLSKSZ1M
Elastic Heart: https://youtu.be/KWZGAExj-es

Follow Sia
Website: http://siamusic.net/
Facebook: https://www.facebook.com/SiaMusic
Twitter: https://twitter.com/Sia

Subscribe to Sia on YouTube: http://smarturl.it/SIASub?IQid=SiaC

More great Global Hits videos here: http://smarturl.it/GHPlaylist?IQid=SiaC

---------

Lyrics:

Party girls don't get hurt
Can't feel anything, when will I learn
I push it down, push it down

I'm the one """"for a good time call""""
Phone's blowin' up, ringin' my doorbell
I feel the love, feel the love

1, 2, 3 1, 2, 3 drink
1, 2, 3 1, 2, 3 drink
1, 2, 3 1, 2, 3 drink

Throw 'em back, till I lose count
Playlist Best of Sia https://goo.gl/99ubCj
Subscribe for more https://goo.gl/UA7cug""",467499,0,7311772,none,2014-05-06T13:00:03.000Z,"['Titanium', 'Chandelier Lyrics', 'Siavevo', 'acoustic', 'vevo', 'music', 'SiaVEVO', 'video', 'Big Girl Cry', 'instrumental', 'Sia Chandelier', 'official', 'pop', 'download', '1000 Forms of Fear', 'karaoke', 'Maddie Ziegler', 'remix', 'Dance Moms', 'lyrics', 'The Greatest', 'audio', 'Breathe Me', 'Elastic Heart', 'Cheap Thrills', 'official video', 'Alive', 'cover', 'Big Girls Cry', 'Fire Meet Gasoline', 'Sony', 'Unstoppable', 'Chandelier Live', 'music video', 'California Dreamin', 'playlist', 'single', 'album', 'Video']",Sia - Chandelier (Official Video),2vjPBrBU-TM,1906605013
10,UC20vb-R_px4CguHzzBPhoyQ,EminemVEVO,533737,xxNoneFoundxx,"Music video by Eminem performing Love The Way You Lie. ¬© 2010 Aftermath Records
#VEVOCertified on September 13, 2011. http://www.vevo.com/certified http://www.youtube.com/vevocertified

http://www.vevo.com/watch/USUV71001543?utm_source=youtube&utm_medium=description&utm_campaign=ytd",249960,0,6542555,none,2010-08-05T19:09:46.000Z,"['Love The Way You Lie', 'Eminem', 'Rihanna', 'Recovery', 'Megan Fox', 'Dominic Monaghan']",Eminem - Love The Way You Lie ft. Rihanna,uelHwf8o7_U,1602129885
10,UCk78ZcA6kflEvBR0UrGDH0Q,LMFAOVEVO,590350,xxNoneFoundxx,"Buy now http://glnk.it/6t
Music video by LMFAO performing Party Rock Anthem featuring Lauren Bennett and GoonRock. (c) 2011 Interscope
#VEVOCertified on July 1, 2011. http://www.vevo.com/certified http://www.youtube.com/vevocertified
Best of LMFAO: https://goo.gl/F2XN78
Subscribe here: https://goo.gl/4ecUJp",330038,0,6133416,none,2011-03-09T06:02:38.000Z,"['LMFAO', 'Party Rock Anthem', 'Pop', 'Shots', 'video', 'goonrock', 'Lauren Bennett', 'Redfoo', 'SkyBlu', 'LMFAO new video']","LMFAO - Party Rock Anthem ft. Lauren Bennett, GoonRock",KQ6zr6kCPj8,1536643364
10,UCoJ7iJz1vKwUqiaroO167sA,ournameismagicVEVO,162636,xxNoneFoundxx,"‚ÄúDon‚Äôt Kill the Magic‚Äù, the debut album from MAGIC!, Available Now on iTunes: http://smarturl.it/DKTMiTunes?IQid=yt  Follow Magic! Website http://www.ournameismagic.com  Facebook https://www.facebook.com/ournameisMAGIC Twitter https://twitter.com/ournameismagic Instagram http://instagram.com/ournameismagic  Music video by MAGIC! performing Rude. (C) 2013 Sony Music Entertainment International Limited",242938,0,5241301,none,2013-12-06T05:01:00.000Z,"['magic', 'magic!', 'magic! rude', 'magic rude', 'rude', 'magic! rude music video', 'magic rude music video', 'rude music video', 'rude official music video', 'magic marry that girl', 'rude magic', 'rude magic!', 'Vevo', 'Vevo Music', 'Vevo Official Music Video', 'pop music', 'top 40']",MAGIC! - Rude (Official Video),PIh2xe4jnpk,1529774895
10,UClVrJwcIy7saPcGc1nct80A,Fueled By Ramen,477837,en,"twenty one pilots' music video for 'Stressed Out' from the album, Blurryface - available now on Fueled By Ramen. Get it on‚Ä¶

iTunes: http://www.smarturl.it/blurryface
Google Play: http://www.smarturl.it/blurryface-gp
Amazon: http://www.smarturl.it/blurryface-az
Spotify: http://www.smarturl.it/TOP-Spotify
Webstore: http://bit.ly/2fsd6Hi

find twenty one pilots on‚Ä¶

Site: http://twentyonepilots.com
Facebook: http://facebook.com/twentyonepilots
Instagram: http://instagr.am/twentyonepilots
Twitter: http://twitter.com/twentyonepilots
YouTube: http://youtube.com/twentyonepilots
Tumblr: http://twentyonepilots.tumblr.com

Directed by Reel Bear Media (http://reelbearmedia.com)

Adult Size Big Wheels provided by High Roller USA: http://HighRollerUSA.com

LYRICS

I wish I found some better sounds no one‚Äôs ever heard,
I wish I had a better voice that sang some better words,
I wish I found some chords in an order that is new,
I wish I didn't have to rhyme every time I sang,

I was told when I get older all my fears would shrink,
But now I‚Äôm insecure and I care what people think.
My name‚Äôs ‚ÄòBlurryface‚Äô and I care what you think

Wish we could turn back time, to the good ol‚Äô days,
When our momma sang us to sleep but now we‚Äôre stressed out.

Sometimes a certain smell will take me back to when I was young,
How come I‚Äôm never able to identify where it‚Äôs coming from,
I‚Äôd make a candle out of it if I ever found it,
Try to sell it, never sell out of it, I‚Äôd probably only sell one,

It‚Äôd be to my brother, ‚Äòcause we have the same nose,
Same clothes homegrown a stone‚Äôs throw from a creek we used to roam,
But it would remind us of when nothing really mattered,
Out of student loans and treehouse homes we all would take the latter.

My name‚Äôs ‚ÄòBlurryface‚Äô and I care what you think

Wish we could turn back time, to the good ol‚Äô days,
When our momma sang us to sleep but now we‚Äôre stressed out.

We used to play pretend, give each other different names,
We would build a rocket ship and then we‚Äôd fly it far away,
Used to dream of outer space but now they‚Äôre laughing at our face,
Saying, ‚Äúwake up, you need to make money.""

Wish we could turn back time, to the good ol‚Äô days,
When our momma sang us to sleep but now we‚Äôre stressed out.",340345,0,9029501,none,2015-04-28T03:05:18.000Z,"['twenty one pilots', 'blurryface', 'stressed out', '21 pilots', 'twentyonepilots', 'fueled by ramen', 'FBR', 'fueledbyramen', 'music', 'song', 'tyler joseph', 'josh dun', 'TOP']",twenty one pilots: Stressed Out [OFFICIAL VIDEO],pXRviuL6vMY,1483787759
10,UCoUM-UJ7rirJYP8CQ0EIaHA,Bruno Mars,397216,xxNoneFoundxx,"Moonshine Jungle Tour 2014 tickets and more info: 
http://www.brunomars.com/moonshinejungletour

Available now on iTunes! http://smarturl.it/Doo-Wops

¬© 2011 WMG. The official music video for 'The Lazy Song' by Bruno Mars from doo-wops and hooligans - available now on Elektra Records!

Directed by Bruno Mars and Cameron Duddy
Choreographed and Performed by Poreotics: http://poreotics.com

Connect with Bruno:
http://www.brunomars.com
http://www.twitter.com/brunomars
http://www.facebook.com/brunomars
http://www.instagram.com/brunomars

Get 'Unorthodox Jukebox' on iTunes
http://smarturl.it/unorthodoxjukebox

Follow Bruno on Spotify
http://bit.ly/1gDnkxr

LYRICS
Today I don't feel like doing anything
I just wanna lay in my bed
Don't feel like picking up my phone
So leave a message at the tone
'Cause today I swear I'm not doing anything.

Uh!
I'm gonna kick my feet up
Then stare at the fan
Turn the TV on, throw my hand in my pants
Nobody's gonna tell me I can't

I'll be lounging on the couch,
Just chillin' in my snuggie
Click to MTV, so they can teach me how to dougie
'Cause in my castle I'm the freaking man

Oh, yes I said it
I said it
I said it 'cause I can

Today I don't feel like doing anything
I just wanna lay in my bed
Don't feel like picking up my phone
So leave a message at the tone
'Cause today I swear I'm not doing anything

Nothing at all!
Ooh, hoo, ooh, hoo, ooh, ooh-ooh
Nothing at all
Ooh, hoo, ooh, hoo, ooh, ooh-ooh

Tomorrow I'll wake up, do some P90X
Meet a really nice girl, have some really nice sex
And she's gonna scream out: 'This is Great' (Oh my God, this is great)
Yeah

I might mess around, get my college degree
I bet my old man will be so proud of me
But sorry pops, you'll just have to wait
Haha

Oh, yes I said it
I said it
I said it 'cause I can

Today I don't feel like doing anything
I just wanna lay in my bed
Don't feel like picking up my phone
So leave a message at the tone
'Cause today I swear I'm not doing anything

No, I ain't gonna comb my hair
'Cause I ain't going anywhere
No, no, no, no, no, no, no, no, no
I'll just strut in my birthday suit
And let everything hang loose
Yeah, yeah, yeah, yeah, yeah, yeah, yeah, yeah, yeah, yeah

Ooh
Today I don't feel like doing anything
I just wanna lay in my bed
Don't feel like picking up my phone
So leave a message at the tone
'Cause today I swear I'm not doing anything

Nothing at all
Nothing at all
Nothing at all

Comic Chimp Mask used by permission of Easter Unlimited, Inc. / FunWorld Div. All Rights Reserved. Copyright 2009.",356083,0,6127972,none,2011-04-15T22:08:07.000Z,"['bruno', 'mars', 'the', 'lazy', 'song', 'music', 'doo', 'wops', 'hooligans', 'elektra', 'poreotics', 'ÁÅ´Êòü‰∫∫Â∏ÉÈ≠ØË´æ', 'Warner Music', 'Atlantic Records', 'Superbowl', 'Halftime', 'Bruno Mars (Musical Artist)', 'The Lazy Song (Musical Recording)', 'Pop Music (Musical Genre)', 'Pop', 'Reggae (Musical Genre)', 'pop rock', 'Elektra Records', 'Warner Music Group (Record Label)', 'WMG', 'Atlantic Records (Record Label)', 'The Smeezingtons', 'B.o.B (Musical Artist)', 'Offical Music Video']",Bruno Mars - The Lazy Song [OFFICIAL VIDEO],fLexgOxsZu0,1464199487
10,UC-J-KZfRV8c13fOCkhXdLiQ,Dua Lipa,273197,xxNoneFoundxx,"Pre-order Dua Lipa (Complete Edition) and receive Want To and New Rules (Live) instantly (digital only): https://dualipa.co/completeedition

Follow me online:
https://wbr.ec/website_dualipa
https://wbr.ec/facebook_dualipa
https://wbr.ec/twitter_dualipa
https://wbr.ec/instagram_dualipa

Lyrics:
One, one, one, one, one...

Talkin' in my sleep at night, makin' myself crazy
(Out of my mind, out of my mind)
Wrote it down and read it out, hopin' it would save me
(Too many times, too many times)

My love, he makes me feel like nobody else, nobody else
But my love, he doesn't love me, so I tell myself, I tell myself

One: Don't pick up the phone
You know he's only callin' 'cause he's drunk and alone
Two: Don't let him in
You'll have to kick him out again
Three: Don't be his friend
You know you're gonna wake up in his bed in the morning
And if you're under him, you ain't gettin' over him

I got new rules, I count 'em
I got new rules, I count 'em
I gotta tell them to myself
I got new rules, I count 'em
I gotta tell them to myself

I keep pushin' forwards, but he keeps pullin' me backwards
(Nowhere to turn, no way)
(Nowhere to turn, no)
Now I'm standin' back from it, I finally see the pattern
(I never learn, I never learn)

But my love, he doesn't love me, so I tell myself, I tell myself
I do, I do, I do

One: Don't pick up the phone
You know he's only callin' 'cause he's drunk and alone
Two: Don't let him in
You'll have to kick him out again
Three: Don't be his friend
You know you're gonna wake up in his bed in the morning
And if you're under him, you ain't gettin' over him

I got new rules, I count 'em
I got new rules, I count 'em
I gotta tell them to myself
I got new rules, I count 'em
I gotta tell them to myself

Practice makes perfect
I'm still tryna learn it by heart (I got new rules, I count 'em)
Eat, sleep, and breathe it
Rehearse and repeat it, 'cause I... (I got new...)

One: Don't pick up the phone (yeah)
You know he's only callin' 'cause he's drunk and alone (alone)
Two: Don't let him in (uh-ooh)
You'll have to kick him out again (again)
Three: Don't be his friend
You know you're gonna wake up in his bed in the morning
And if you're under him, you ain't gettin' over him

I got new rules, I count 'em
I got new rules, I count 'em
(Whoa-ooh, whoa-ooh, whoa)
I gotta tell them to myself
I got new rules, I count 'em
(Baby, you know I count 'em)
I gotta tell them to myself

Don't let him in, don't let him in
Don't, don't, don't, don't...
Don't be his friend, don't be his friend
Don't, don't, don't, don't...
Don't let him in, don't let him in
Don't, don't, don't, don't...
Don't be his friend, don't be his friend
Don't, don't, don't, don't...
You're gettin' over him",391020,0,8299547,none,2017-07-07T09:00:05.000Z,"['Dua Lipa', 'New rules', 'flamingos', 'DUA', 'Dua loves', 'new rules official video', '1 billion views', 'girl gang', 'girl power', 'idgaf', 'pop music', 'be the one', 'new love', 'last dance', 'calvin harris', 'dua', 'i got new rules i count them', ""one don't pick up the phone"", ""three don't be his friend"", ""you know you're gonna wake up in his bed in the morning"", ""if you're under him then you ain't getting over him"", 'new rules official', 'new rules dua', ""two don't let him in""]",Dua Lipa - New Rules (Official Music Video),k2qgadSvNyU,1453366505
10,UCQznUf1SjfDqx65hX3zRDiA,DrakeVEVO,424187,xxNoneFoundxx,"Hotline Bling (Official Video)
Available for download here! http://republicrec.co/DrakeHotlineBling 

Share/Stream ‚ÄúHotline Bling‚Äù on Spotify: https://open.spotify.com/track/6nmz4imkDcmtwMjocAzFSx

Directed by Director X
Produced by Evan Landry
Edited by Laura McMillan
Production Company: Creative Soul

Music video by Drake performing Hotline Bling.  ¬© 2015 Cash Money Records Inc.

http://vevo.ly/R0NNDX",572124,0,6691689,none,2015-10-26T22:00:03.000Z,"['Drake', 'Hotline', 'Bling', 'Cash', 'Money', 'Records/Young', 'Ent./Universal', 'Rec.', 'Rap']",Drake - Hotline Bling,uxpDa-c-4Mc,1433795383
10,UCFkoPRmuxqr37jvGmmpzhzQ,MalumaVEVO,232444,xxNoneFoundxx,"Maluma - ""Felices los 4"" (Official Music Video)
""Felices los 4"" is available on these digital platforms!
iTunes: http://smarturl.it/FelicesLos4
Apple Music:http://smarturl.it/FelicesLos4A
Spotify: http://smarturl.it/FelicesLos4Sp
Google Play: http://smarturl.it/FelicesLos4GP
Amazon: http://smarturl.it/FelicesLos4Am
Linkfire: https://SML.lnk.to/FelicesLos4

Follow Maluma!
Official site: http://www.malumamusik.com
Facebook: http://www.facebook.com/MALUMAMUSIK
Twitter: http://www.twitter.com/maluma
Instagram: http://www.instagram.com/maluma
YouTube: http://www.youtube.com/user/MalumaVEVO
Official music video by Maluma performing ""Felices los 4"". (C) 2017 Sony Music Entertainment US Latin LLC",561166,0,4794239,none,2017-04-21T10:00:08.000Z,"['Maluma Music', 'Maluma Official Video', 'Maluma Video', 'Maluma Video Oficial', 'Maluma Nuevo Video', 'Maluma New Video', 'Felices los 4 Official Video', 'Official Video', 'Felices los 4 Single', 'Single', 'Maluma New Single', 'Maluma Single', 'Maluma Felices los 4', 'Felices los 4', 'Latin Urban', 'Maluma', 'Sony Music Latin']",Maluma - Felices los 4 (Official Video),t_jHrUE5IOk,1405782185
10,UC0C-w0YjGpqDXGB8IHb662A,Ed Sheeran,281588,xxNoneFoundxx,"üéß: https://ad.gt/yt-perfect
üí∞: https://atlanti.cr/yt-album
Subscribe to Ed's channel: http://bit.ly/SubscribeToEdSheeran

Follow Ed on...
Facebook: http://www.facebook.com/EdSheeranMusic
Twitter: http://twitter.com/edsheeran
Instagram: http://instagram.com/teddysphotos
Official Website: http://edsheeran.com

Director | dp Jason Koenig
Producer: Honna Kimmerer
Starring: Ed Sheeran & Zoey Deutch 
Director of Photography: Johnny Valencia
Production Company: Anonymous Content
Exec Producer: Nina Soriano
Production Manager: Doug Hoff
Commissioner: Dan Curwin
Production Designer: John Lavin
Lead Casting: Amy Hubbard 
 
Written by: Jason Koenig, Ed Sheeran, Jenny Koenig, Andrew Kolvet, Murray Cummings

Edited by: Jason Koenig & Johnny Valencia
VFX: Ian Hubert
Graphic design by Chris Ballasciotes

Cast: Bo Valencia, Dennis Ranalta, Arthur Pauli
 
Ski Cinematography: Corey Koniniec
Specialty Camera op: Ryan Haug
1st AC: Ryan Brown
 
1st Assistant Director: Ole Zapatka
Art Director: Klaus Hartl
Snow fx: Lucien Stephenson

Gaffer: Thomas Berz
Stylist: Claudia Lajda
Hair & Makeup: Christel Thoresen
Austrian Casting: Ursula Kiplinger
 
Additional VFX: Zoic

Special Thanks to: The Hintertux Glacier, Austria;
Hohenhaus Tenne, and Hotel Neuhintertux",320886,0,8027056,none,2017-11-09T11:04:14.000Z,"['edsheeran', 'ed sheeran', 'acoustic', 'live', 'cover', 'official', 'remix', 'official video', 'lyrics', 'session', 'perfect', 'ed sheeran perfect']",Ed Sheeran - Perfect (Official Music Video),2Vv-BfVoq4g,1401412067
10,UComP_epzeKzvBX156r6pm1Q,AdeleVEVO,367177,xxNoneFoundxx,Buy/Listen 25: http://smarturl.it/25Album?IQid=yt Buy/Listen 21: http://smarturl.it/Adele21Album?IQid=yt Buy/Listen 19: http://smarturl.it/19Album?IQid=yt   Follow Adele on: Facebook - http://facebook.com/adele Twitter - http://twitter.com/adele Instagram - http://instagram.com/adele Subscribe to the Adele VEVO Channel - http://smarturl.it/SubscribeAdele?IQid=yt  Visit - www.adele.com,210712,0,5579962,none,2010-11-30T23:29:12.000Z,"['vevo', 'Adelevevo', 'official', 'music video', 'video', 'single', '21', 'album', 'hq', 'Hello', 'Someone Like You', 'Skyfall', 'Set Fire to the Rain', 'Adele', 'Pop', 'Rolling in the Deep', 'XL Recordings/Columbia']",Adele - Rolling in the Deep,rYEDA3JcQqw,1393023369
10,UCNnnwVSI5Ndo2I4Y-LPuuew,johnlegendVEVO,163679,xxNoneFoundxx,"John Legend's official music video for 'All Of Me'. Click to listen to John Legend on Spotify: http://smarturl.it/JohnLSpotify?IQid=...

As featured on Love In The Future. Click to buy the track or album via iTunes: http://smarturl.it/JohnLLITFiTUnes?IQ...
Google Play: http://smarturl.it/JohnLAOMplay?IQid=...
Amazon: http://smarturl.it/JohnLLITFAmz?IQid=...

More from John Legend
Save Room: https://youtu.be/iOmnGzAKLvg
Everybody Knows: https://youtu.be/c7NLq5Soq_E
Heaven: https://youtu.be/Gs6ajB9o8b4

Follow John Legend
Website: http://www.johnlegend.com/
Facebook: https://www.facebook.com/johnlegend
Twitter: https://twitter.com/johnlegend

Subscribe to John Legend on YouTube: http://smarturl.it/JohnLSub?IQid=John...

More great Global Hits videos here: http://smarturl.it/GlobalHits?IQid=Jo...

---------

Lyrics:

What would I do without your smart mouth?
Drawing me in, and you kicking me out
You've got my head spinning, no kidding, I can't pin you down
What's going on in that beautiful mind
I'm on your magical mystery ride
And I'm so dizzy, don't know what hit me, but I'll be alright

[Pre-Chorus:]
My head's under water
But I'm breathing fine
You're crazy and I'm out of my mind

[Chorus:]
'Cause all of me
Loves all of you
Love your curves and all your edges
All your perfect imperfections
Give your all to me
I'll give my all to you
You're my end and my beginning
Even when I lose I'm winning
'Cause I give you all of me
And you give me all of you, oh oh""",216487,0,6629601,none,2013-10-02T14:00:06.000Z,"['john legend channel', 'JohnLegendvevo', 'all of me official', 'wake up!', 'acoustic', 'john legend all of me', 'video', 'music', 'instrumental', 'evolver', 'john legend lyrics', 'All Of Me', 'vevo', 'Chrissy Teigen', 'reggae', 'Love in the Future', 'john legend', 'get lifted', 'r and b', 'official', 'soul', 'Love Me Now', 'once again', 'You and I', 'download', 'Tonight', 'think like a man', 'the roots', 'karaoke', 'remix', 'lyrics', 'audio', 'cover rock', 'official video', 'cover', 'all of me live', 'love', 'in', 'the']",John Legend - All of Me (Edited Video),450p7goxZqg,1355975662
10,UCoUM-UJ7rirJYP8CQ0EIaHA,Bruno Mars,291889,xxNoneFoundxx,"Stream and download 'That's What I Like"" off the new album ""24K Magic"" now: https://atlantic.lnk.to/ThatsWhatILike

Directed by Bruno Mars and Jonathan Lia

See Bruno on the ‚Äò24K Magic World Tour‚Äô! Tickets on sale now. Visit http://brunomars.com for dates 

Stream ‚Äô24K Magic‚Äô
Spotify: https://brunom.rs/24kMagicStream 
Apple Music: https://brunom.rs/24kmagicAM 

Download ‚Äô24K Magic‚Äô 
iTunes: https://brunom.rs/24kMagic 
Amazon: https://brunom.rs/24kmagicamazon
Google Play: https://brunom.rs/24kmagicGP

Pick up the 24K Magic World Tour Collection in Bruno‚Äôs Official Webstore: https://brunom.rs/brunomarsstore

Connect with Bruno:
http://www.brunomars.com
http://www.instagram.com/brunomars
http://www.twitter.com/brunomars
http://www.facebook.com/brunomars

Bruno Mars - That‚Äôs What I Like [Official Video]",404518,0,7421625,none,2017-03-02T02:00:11.000Z,"[""That's What I Like"", 'Bruno Mars', '24K Magic', 'New Music Video', 'Official Music Video', 'Warner Music Group', 'Atlantic Records', 'Elektra Records', 'Hooligans', 'R&B', 'pop']",Bruno Mars - That‚Äôs What I Like [Official Video],PMivT7MJ41M,1332518604
10,UCJrREGJ2R1mMuKJkZ8SMCcA,BeckyGVEVO,282569,xxNoneFoundxx,"Becky G feat. Bad Bunny - ""Mayores"" (Official Music Video)
""Mayores"" feat. Bad Bunny is available now on these digital platforms:
Choose Your Platform: https://SML.lnk.to/Mayores
iTunes: http://smarturl.it/Mayores
Apple Music: http://smarturl.it/MayoresA
Spotify: http://smarturl.it/MayoresSp
Amazon: http://smarturl.it/MayoresAm
Google Play: http://smarturl.it/MayoresGP
 
Follow Becky G!
Official Site: http://iambeckyg.com
Instagram: http://smarturl.it/BeckyGInstagram
Facebook: http://smarturl.it/BeckyGFB
Twitter: http://smarturl.it/BeckyGTW
Official music video by Becky G feat. Bad Bunny performing ""Mayores."" (C) 2017 Kemosabe Records/RCA Records/Sony Music Entertainment US Latin LLC",552215,0,4628064,none,2017-07-14T04:00:00.000Z,"['Becky G feat. Bad Bunny Music', 'Becky G feat. Bad Bunny Official Video', 'Becky G feat. Bad Bunny Video', 'Becky G feat. Bad Bunny Video Oficial', 'Becky G feat. Bad Bunny Nuevo Video', 'Becky G feat. Bad Bunny New Video', 'Mayores Official Video', 'Mayores Single', 'Becky G feat. Bad Bunny New Single', 'Becky G feat. Bad Bunny Single', 'Becky G feat. Bad Bunny Mayores', 'Becky G & Bad Bunny', 'Kemosabe Records/RCA Records/Sony Music Latin', 'Latin', 'Mayores']","Becky G, Bad Bunny - Mayores (Official Video)",GMFewiplIbw,1328753535
10,UCx1f1u4XlFFr0YgqF3wB4lQ,JenniferLopezVEVO,359842,xxNoneFoundxx,"Music video by Jennifer Lopez performing On The Floor feat. Pitbull. ¬© 2011 Island Records
#VEVOCertified on April 15, 2012. http://www.vevo.com/certified http://www.youtube.com/vevocertified",232356,0,3710760,none,2011-03-04T01:40:06.000Z,"['Jennifer Lopez', 'On The Floor', 'Pop', 'Pitbull', 'American Idol', 'JLo']",Jennifer Lopez - On The Floor ft. Pitbull,t4H_Zoh7G5A,1265712417
10,UCANLZYMidaCbLQFWXBC95Jg,TaylorSwiftVEVO,468888,xxNoneFoundxx,"Listen to ‚ÄúBad Blood‚Äù (feat. Kendrick Lamar) here: https://taylor.lnk.to/BadBloodID 

For more music from 1989, listen to the album here: https://taylor.lnk.to/1989dlxID

Shop official Taylor Swift merch here: http://taylor.lk/merch
                                   
Taylor Swift as Catastrophe
Selena Gomez as Arsyn
Karlie Kloss as Knockout
Kendrick Lamar as Welvin Da Great
Martha Hunt as HomeSlice
Jessica Alba as Domino
Serayah as Dilemma
Lena Dunham as Lucky Fiori
Hailee Steinfeld as The Trinity
Ellie Goulding as Destructa X
GiGi Hadid as Slay-Z
Hayley Williams as The Crimson Curse
Zendaya as Cut-Throat
Lily Aldridge as Frostbyte
Ellen Pompeo as Luna
Mariska Hargitay as Justice
Cara Delevingne as Mother Chucker
Cindy Crawford as Headmistress

Music video by Taylor Swift performing Bad Blood. (C) 2015 Big Machine Records, LLC.",510033,0,6037742,none,2015-05-18T04:00:00.000Z,"['Bad Blood', 'Taylor Swift', 'Kendrick Lamar', 'Bad Blood Official']",Taylor Swift - Bad Blood ft. Kendrick Lamar,QcIy9NiNbmo,1231940786
10,UCXYRdIXDdeZIf816EWAr5zQ,Macklemore LLC,438062,xxNoneFoundxx,"Thrift Shop on iTunes:http://itunes.apple.com/us/album/thrift-shop-feat.-wanz-single/id556955707
The Heist physical deluxe edition: http://www.macklemoremerch.com
The Heist digital deluxe on iTunes: http://itunes.apple.com/WebObjects/MZStore.woa/wa/viewAlbum?id=560097651
The Heist on Amazon: http://amzn.com/B00908DDZM
The Heist in-stores NOW!

Credits:

VIDEO

Directed By Jon Jon Augustavo, Ryan Lewis, Ben Haggerty
Produced By Hollis Wong-Wear, Tricia Davis, Zach Quillen
Lead Grip: David Herberg
Grip Assistants: Josh Marten, Jay Neilson
Stylists: Annie Murphy, Alex Nordstrom

MUSIC

Written by Ben Haggerty
Produced by Ryan Lewis
Featuring Wanz
Additional vocals by Brooklyn Grinnell
Scratches by DV One

SPECIAL THANKS TO

Goodwill Outlet
Value Village Capitol Hill
Red Light Vintage
Fremont Vintage Mall
Unicorn/Narwhal
Northwest African American Museum

Sara Stapleton, JR Ewing and Inner City Empire, Faisal Jaswal, Clay Davis

http://www.macklemore.com
http://www.twitter.com/macklemore
http://www.twitter.com/ryanlewis
http://www.facebook.com/macklemore
http://www.facebook.com/ryanlewisproductions",269644,0,6425332,none,2012-08-29T15:53:50.000Z,"['wanz', 'macklemore', 'thrift shop', 'macklemore and ryan lewis', 'seattle hip-hop', 'xxl freshman', 'ryan lewis', 'thrift', 'shop', 'Rap', 'Macklemore & Ryan Lewis (Award Winner)', 'Macklemore LLC', 'Hip Hop', 'Kindercore Records', 'XXL (Magazine)', 'Offical Music Video', 'downtown', 'downtown macklemore']",MACKLEMORE & RYAN LEWIS - THRIFT SHOP FEAT. WANZ (OFFICIAL VIDEO),QK8mJJJvaes,1224073645
10,UCoUM-UJ7rirJYP8CQ0EIaHA,Bruno Mars,199585,xxNoneFoundxx,"Moonshine Jungle Tour 2014 tickets and more info: 
http://www.brunomars.com/moonshinejungletour

Available now on iTunes! http://smarturl.it/Doo-Wops
New single ""Locked Out Of Heaven"" available now on iTunes! http://www.smarturl.it/looh

¬© 2011 WMG. The official music video for 'Just The Way You Are' by Bruno Mars from doo-wops and hooligans - available now on Elektra Records!

Directed by Ethan Lader
Inspired by the artwork of Erika Iris Simmons

Connect with Bruno:
http://www.brunomars.com
http://www.twitter.com/brunomars
http://www.facebook.com/brunomars
http://www.instagram.com/brunomars

Get 'Unorthodox Jukebox' on iTunes
http://smarturl.it/unorthodoxjukebox

Follow Bruno on Spotify: http://bit.ly/1gDnkxr

LYRICS
Oh, her eyes, her eyes, make the stars look like they're not shining
Her hair, her hair, falls perfectly without her trying 
She's so beautiful, and I tell her every day

Yeah, I know, I know, when I compliment her she won't believe me
And it's so, it's so, sad to think that she don't see what I see
But every time she asks me do I look ok, I say

When I see your face, there's not a thing that I would change
Cause you're amazing, just the way you are
And when you smile, the whole world stops and stares for a while
Because girl you're amazing, just the way you are. Yeah.

Her lips, her lips, I could kiss them all day if she let me
Her laugh, her laugh, she hates but I think it's so sexy
She's so beautiful, and I tell her every day

Oh, you know, you know, you know, I'd never ask you to change
If perfect's what you're searching for then just stay the same
So, don't even bother asking if you look ok
You know I'll say

When I see your face, there's not a thing that I would change
Cause you're amazing, just the way you are
And when you smile, the whole world stops and stares for a while
Because girl you're amazing, just the way you are
The way you are, the way you are
Girl you're amazing, just the way you are

When I see your face, there's not a thing that I would change
Cause you're amazing, just the way you are
And when you smile, the whole world stops and stares for a while
Cause girl you're amazing, just the way you are. Yeah.",155969,0,4022493,none,2010-09-08T21:29:01.000Z,"['bruno mars', 'official video', 'just the way you are', 'elektra records', 'atlantic records', 'doo-wops and hooligans', 'ÁÅ´Êòü‰∫∫Â∏ÉÈ≠ØË´æ', 'Bruno', 'Mars', 'Atlantic Records', 'Contemporary R&B (Musical Genre)', 'Warner Music Group (Record Label)', 'Atlantic Records (Record Label)', 'Pop Music (Musical Genre)', 'Soul', 'R&B', 'Rhythm And Blues (Musical Genre)', 'Music Video (TV Genre)']",Bruno Mars - Just The Way You Are [OFFICIAL VIDEO],LjhCEhWiKXk,1202743960
10,UCrDkAvwZum-UTjHmzDI2iIw,officialpsy,959521,xxNoneFoundxx,"PSY - ‚ÄòI LUV IT‚Äô M/V @ https://youtu.be/Xvjnoagk6GU
PSY - ‚ÄòNew Face‚Äô M/V @https://youtu.be/OwJPPaEyqhI

PSY - 8TH ALBUM '4X2=8' on iTunes @
https://smarturl.it/PSY_8thAlbum

PSY - GENTLEMAN on iTunes @ http://smarturl.it/PsyGentlemaniT
 
#PSY #Ïã∏Ïù¥ #GENTLEMAN #Ï††ÌãÄÎß®

More about PSY@
http://www.psypark.com/
http://www.youtube.com/officialpsy
http://www.facebook.com/officialpsy
http://twitter.com/psy_oppa
https://www.instagram.com/42psy42
http://iTunes.com/PSY
http://sptfy.com/PSY
http://weibo.com/psyoppa
http://twitter.com/ygent_official",818880,0,5029263,none,2013-04-13T11:59:04.000Z,"['PSY', 'Ïã∏Ïù¥', 'Í∞ïÎÇ®Ïä§ÌÉÄÏùº', 'ÎÆ§ÏßÅÎπÑÎîîÏò§', 'Music Video', 'Gangnam Style', 'KOREAN SINGER', 'KPOP', 'KOERAN WAVE', 'PSY 6Áî≤', '6th Studio Album', 'Ïã∏Ïù¥6Ïßë', 'Ïú°Í∞ë', 'YG Family', 'YG Entertainment', 'Ï††ÌãÄÎß®', 'GENTLEMAN']",PSY - GENTLEMAN M/V,ASO_zypdnsQ,1191149937
10,UCe3yZzUwpmy2eKKmF9svX0Q,Jason Derulo,208392,xxNoneFoundxx,"Official Music video for 'Swalla' - directed by Gil Green
Buy or Stream now! http://wbr.lnk.to/swalla

(Drank)
(Nicki ad lib: Young Money)

Love in a thousand different flavors
I wish that I could taste them all tonight
No I ain‚Äôt got no dinner plans
So you should bring all your friends
I swear that-a-all ya‚Äôll my type

All you girls in here if you feelin‚Äô thirsty
Come and take a sip cause you know what I‚Äôm servin‚Äô

Shimmy, shimmy yay, shimmy yay, shimmy yaw
(Drank)
Swallahlahlah
(Drank)
Swallahlahlah, Swallahlahlah, Swallahlahlah
(repeat 1x)

Freaky, freaky gal 
My freaky, freaky gal

Ty Dolla $ign:
Shimmy, shimmy shimmy yay, shimmy yaw
Bad girls gone Swallahlahlah
Bust down on my wrist in this bitch
My pinky ring bigger than his
Met her out in Beverly Hills
Dolla got too many girls
Met her out in Beverly Hills
All she wear is red bottom heels
When she back it up, put it on the snap 
When she drop it low, put it on the gram
DJ poppin she gone swallow that
Champagne poppin‚Äô she gone swallow that

All you girls in here if you feelin‚Äô thirsty
come and take a sip cause you know what I‚Äôm servin‚Äô

Shimmy, shimmy yay, shimmy yay, shimmy yaw
(Drank)
Swallahlahlah
(Drank)
Swallahlahlah, Swallahlahlah, Swallahlahlah
(repeat 1x)

Freaky, freaky gal
My freaky freaky gal

Nicki Minaj:
Yo, yo, yo
Ayo, Bad gal no swallow nuttin, word to the Dali Lama
He know I‚Äôm a fashion killa, word to John Galliano
He coppin that Valentino
Ain‚Äôt no tellin me no
I‚Äôm that bitch that he know
How yall wife‚Äôin these thots, you don‚Äôt get wins for that
I‚Äôm havin another good year, we don‚Äôt get blimps for that
Pussy game still cold, we don‚Äôt get minks for that
When I‚Äôm poppin them bananas, we don‚Äôt link chimps for that
I gave these bitches two years, now your time‚Äôs up
Bless her heart she‚Äôs throwin shots, but every line sucks
I‚Äôm in that cherry red foreign with the brown guts
My shit slappin‚Äô like dude did LeBron‚Äôs nuts

All you girls in here if you feelin‚Äô thirsty
come and take a sip cause you know what I‚Äôm servin‚Äô

Shimmy, shimmy yay, shimmy yay, shimmy yaw
(Drank)
Swallahlahlah
(Drank)
Swallahlahlah, Swallahlahlah, Swallahlahlah
(repeat 2x)

(Nicki ad libs:  Young money, JD)

Freaky, freaky gal
My freaky, freaky gal
My freaky, freaky gal
My freaky, freaky gal

Derulo

CONNECT WITH JASON DERULO
Official Website: http://www.jasonderulo.com
Facebook: https://www.facebook.com/jasonderulo
Twitter: https://twitter.com/jasonderulo
Instagram:http://instagram.com/jasonderulo",592523,0,5792948,none,2017-03-17T21:40:57.000Z,"['Jason', 'Derulo', 'Swalla', 'Nicki', 'Minaj', 'Ty', 'Dolla', 'Sign', '$ign', 'Swallow', 'official', 'music video', 'ŒûŒ±œÉŒøŒΩ ŒîŒµœÅŒ∏ŒªŒø', 'Œ§Œ∂ŒµŒ∑œÉŒøŒΩ ŒùœÑŒµœÅŒøœÖŒªŒø']",Jason Derulo - Swalla (feat. Nicki Minaj & Ty Dolla $ign) (Official Music Video),NGLxoKOvzu4,1187054598
10,UCpb_iJuhFe8V6rQdbNqfAlQ,NickyJamTV,96156,xxNoneFoundxx,"Mira: ""Superh√©roe - Nicky Jam ft J Balvin (Concept Video) (√Ålbum Fenix)"" 
https://www.youtube.com/watch?v=jVnUQa-Paq4
-~-~~-~~~-~~-~-

Facebook: http://www.facebook.com/NickyJamPR
The new music video for El Perd√≥n by Nicky Jam and Enrique Iglesias directed by Jonathan Craven and Darren Craig, presented by the 2015 YouTube Music Awards #YTMA

YTMA playlist http://goo.gl/iHVm5g

‚óã Get El Perd√≥n here: http://hyperurl.co/y0ik03
‚óã YouTube Channel: http://www.youtube.com/user/NickyJamTV
‚óã Facebook: http://www.facebook.com/NickyJamPR
‚óã Twitter: http://twitter.com/nickyjampr
‚óã Instagram: http://instagram.com/nickyjampr
‚óã The 2015 YouTube Music Awards are presented by Kia


Credits:
Director: Jonathan Craven & Darren Craig
Production Company: The Uprising Creative
Executive Producer: Jonathan Craven
Video Commissioner: Inga Veronique
Producer: Sway M√©ndez
Director of Photography: Joe Labisi
Youtube Network: Yt Rocket http://www.ytrocket.com 
Stylist: April Roomet
Production Designer: Patricia Arango Gomez
Editor: Vinnie Hobbs
VFX: StarBeast",179467,0,3192885,none,2015-03-23T16:58:31.000Z,"['Nicky Jam', 'NickyJamPR', 'Piensas en mi', 'nicky', 'reggaeton', 'latin', 'curiosidad', 'YouTube Music Awards', 'Enrique Iglesias', 'El Perdon', 'Jonathan Craven', 'Darren Craig', 'Uprising Creative', 'YouTube Music', 'YouTube Awards', 'Music Awards', 'YTMA', 'YTMA 2015', 'YouTube Music Awards 2015', '#YTMA', '#YTMA15', 'el perdon', 'musica nueva 2015', '2015']",21. El Perd√≥n - Nicky Jam y Enrique Iglesias  [Official Music Video YTMAs],hXI8RQYC36Q,1169152508
10,UC20vb-R_px4CguHzzBPhoyQ,EminemVEVO,856309,xxNoneFoundxx,"Music video by Eminem performing Not Afraid. (C) 2010 Aftermath Records
#VEVOCertified on September 11, 2010.http://www.vevo.com/certified http://www.youtube.com/vevocertified",189087,0,6459632,none,2010-06-05T05:02:39.000Z,"['Eminem', 'Not', 'Afraid', 'Aftermath', 'Hip', 'Hop', 'New Song', 'Recovery', 'Relapse', 'Em']",Eminem - Not Afraid,j5-yKhDd64s,1148411663
10,UC-8Q-hLdECwQmaWNwXitYDw,KatyPerryVEVO,453243,xxNoneFoundxx,"Get ‚ÄúFirework‚Äù from Katy Perry‚Äôs ‚ÄòTeenage Dream‚Äô: http://katy.to/TeenageDream
WITNESS: The Tour tickets available now! https://www.katyperry.com/tour

Directed by Dave Myers and Produced by Robert Bray & Danny Lockwood

Follow Katy:
http://www.katyperry.com
http://youtube.com/katyperry
http://twitter.com/katyperry
http://facebook.com/katyperry
http://instagram.com/katyperry

Lyrics:
Do you ever feel
Like a plastic bag
Drifting through the wind
Wanting to start again
Do you ever feel
Feel so paper-thin
Like a house of cards
One blow from caving in
Do you ever feel
Already buried deep
Six feet under
Screams but no one seems to hear a thing
Do you know that there‚Äôs
Still a chance for you
‚ÄòCause there‚Äôs a spark in you

You just gotta
Ignite the light
And let it shine
Just own the night
Like the Fourth of July

‚ÄòCause baby, you‚Äôre a firework
Come on show them what you‚Äôre worth
Make them go, ‚ÄúOh, oh, oh‚Äù
As you shoot across the sky
Baby, you‚Äôre a firework
Come on let your colors burst
Make them go, ‚ÄúOh, oh, oh‚Äù
You‚Äôre gonna leave before they know

You don‚Äôt have to feel
Like a waste of space
You‚Äôre original
Cannot be replaced
If you only knew
What the future holds
After a hurricane
Comes a rainbow
Maybe the reason why
All the doors are closed
So you could open one
That leads you to the perfect ‚Ä¶
Like a lightning bolt
Your heart will glow
And when it‚Äôs time you know

You just gotta
Ignite the light
And let it shine
Just own the night
Like the Fourth of July

‚ÄòCause baby, you‚Äôre a firework
Come on show them what you‚Äôre worth
Make them go, ‚ÄúOh, oh, oh‚Äù
As you shoot across the sky
Baby, you‚Äôre a firework
Come on let your colors burst
Make them go, ‚ÄúOh, oh, oh‚Äù
You‚Äôre gonna leave before they know

Boom, boom, boom
Even brighter than the moon, moon, moon
It‚Äôs always been inside of you, you, you
And now it‚Äôs time to let it through

‚ÄòCause baby, you‚Äôre a firework
Come on show them what you‚Äôre worth
Make them go, ‚ÄúOh, oh, oh‚Äù
As you shoot across the sky
Baby, you‚Äôre a firework
Come on let your colors burst
Make them go, ‚ÄúOh, oh, oh‚Äù
You‚Äôre gonna leave before they know

Boom, boom, boom
Even brighter than the moon, moon, moon
Boom, boom, boom
Even brighter than the moon, moon, moon

Music video by Katy Perry performing Firework. (C) 2010 Capitol Records, LLC",204520,0,3714072,none,2010-10-28T19:37:50.000Z,"['Katy perry', 'firework', 'official', 'music video', 'firework music video', 'teenage dream']",Katy Perry - Firework (Official),QGJuMBdaqIw,1125669847
10,UCFC9LamNMmLioW643VZ40OA,gotyemusic,522894,xxNoneFoundxx,"Film clip for the Gotye song Somebody That I Used To Know, featuring Kimbra from the album Making Mirrors. 
Buy Somebody That I Used To Know here: http://www.smarturl.it/gotyesomebody
Buy Making Mirrors here http://www.smarturl.it/gotye 
http://www.gotye.com/
http://www.facebook.com/gotye/
http://www.twitter.com/gotye/
http:///www.instagram.com/gotye 

**********************************************
Somebody That I Used To Know lyrics

Now and then I think of when we were together
Like when you said you felt so happy you could die
Told myself that you were right for me
But felt so lonely in your company
But that was love and it's an ache I still remember

You can get addicted to a certain kind of sadness
Like resignation to the end
Always the end
So when we found that we could not make sense
Well you said that we would still be friends
But I'll admit that I was glad that it was over

But you didn't have to cut me off
Make out like it never happened
And that we were nothing
And I don't even need your love
But you treat me like a stranger
And that feels so rough
You didn't have to stoop so low
Have your friends collect your records
And then change your number
I guess that I don't need that though
Now you're just somebody that I used to know

Now and then I think of all the times you screwed me over
But had me believing it was always something that I'd done
And I don't wanna live that way
Reading into every word you say
You said that you could let it go 
And I wouldn't catch you hung up on somebody that you used to know...

But you didn't have to cut me off
Make out like it never happened
And that we were nothing
And I don't even need your love
But you treat me like a stranger
And that feels so rough
You didn't have to stoop so low
Have your friends collect your records
And then change your number
I guess that I don't need that though
Now you're just somebody that I used to know

I used to know
That I used to know

Somebody...
*************

Video credits:
Directed, produced and edited by Natasha Pincus
Body art by Emma Hack
Cinematographer and colourist: Warwick Field
Scenic artist: Howard Clark
Key grip: Rob Hansford
Assistants: Rose Cidoni, Claire Leighton, Rob Murray
Original artwork by Frank De Backer

Music credits:
Produced by Wally De Backer
Mixed by Francois Tetaz, assisted by Wally at Moose Mastering, Richmond, VIC
Bass recorded by Wally in Lucas Taranto's loungeroom, Melbourne, VIC
All other sounds put together by Wally in The Barn, Merricks, VIC

Bass guitar: Lucas Taranto
Lead and backing vocals: Kimbra
Guitar, flutes, percussion and synth samples, lead and backing vocals: Wally

Contains a sample of the recording Seville as performed by Luiz Bonfa. Courtesy of Geffen Records, under license from Universal Music Enterprises.  Used by permission. All rights reserved.  Written by Luiz Bonfa and published by Sasqua Music. Used by permission.",285945,0,5483784,none,2011-07-05T21:29:29.000Z,"['Gotye', 'Kimbra', 'Wally De Backer', 'Wouter De Backer', 'Somebody That I Used To Know', 'Making Mirrors', 'walk off the earth', 'wote', 'somebody that i use to know', 'cover', 'original', '5 guys 1 guitar', 'triple j', 'Natasha Pincus']",Gotye - Somebody That I Used To Know (feat. Kimbra) - official video,8UVNT4wvIGY,1111351622
10,UCtKuVNj4wVrZvTfxPxAUHcQ,CarlyRaeJepsenVEVO,605465,xxNoneFoundxx,"Get E‚Ä¢MO‚Ä¢TION on iTunes now: http://smarturl.it/E-MO-TION

Sign up for Carly Rae Jepsen news here: http://smarturl.it/CRJ.News

Music video by Carly Rae Jepsen performing Call Me Maybe. (C) 2011 604 Records Inc.
#VEVOCertified on June 8, 2012. http://www.youtube.com/vevocertified",286266,0,4612582,none,2012-03-01T23:21:04.000Z,"['Carly Rae Jepsen', 'Carlyrae', 'New video', 'Call Me Maybe video', 'Call', 'Me', 'Maybe', 'Music Video', 'Carly Rae song', 'Carly', 'Rae', 'Jepsen', 'Justin Bieber', 'Schoolboy', 'Interscope', 'CRJ', 'CMM', 'VMAs', 'Nominated', 'VMA', 'MTV', 'AWARD', 'Video', 'Music']",Carly Rae Jepsen - Call Me Maybe,fWNaR-rxAic,1101680170
10,UC-8Q-hLdECwQmaWNwXitYDw,KatyPerryVEVO,378014,xxNoneFoundxx,"You‚Äôre invited to the party of the year! Find out what happened to Kathy Beth Terry in the official music video for Katy Perry‚Äôs ‚ÄúLast Friday Night (T.G.I.F.)‚Äù featuring Rebecca Black, Darren Criss, Kevin McHale, Hanson, Kenny G, Debbie Gibson and Corey Feldman!

WITNESS: The Tour tickets available now! https://www.katyperry.com/tour

Get to know Kathy Beth Terry on Twitter and Facebook even more at:
http://www.facebook.com/kathybethterry
http://www.twitter.com/kathybethterry
http://www.kathybethterry.com

Get ‚ÄúLast Friday Night (T.G.I.F)‚Äù from Katy Perry‚Äôs ‚ÄòTeenage Dream‚Äô: http://katy.to/TeenageDream

Follow Katy:
http://www.katyperry.com
http://youtube.com/katyperry
http://twitter.com/katyperry
http://facebook.com/katyperry
http://instagram.com/katyperry

Lyrics:
There‚Äôs a stranger in my bed
There‚Äôs a pounding in my head
Glitter all over the room
Pink flamingos in the pool
I smell like a mini-bar
DJs passed out in the yard
Barbies on the barbecue
Is this a hickey or a bruise

Pictures of last night
Ended up online
I‚Äôm screwed
Oh well
It‚Äôs a blacktop blur
But I‚Äôm pretty sure
It ruled
Damn

Last Friday night
Yeah, we danced on tabletops
And we took too many shots
Think we kissed but I forgot
Last Friday night
Yeah, we maxed our credit cards
Then got kicked out of the bar
So we hit the boulevard

Last Friday night
We went streaking in the park
Skinny dipping in the dark
Then had a m√©nage √† trois
Last Friday night
Yeah, I think we broke a law
Always say we‚Äôre gonna stop
This Friday night
Do it all again
This Friday night
Do it all again

Trying to connect the dots
Don‚Äôt know what to tell my boss
Think the city towed my car
Chandelier is on the floor
Ripped my favorite party dress
Warrants out for my arrest
Think I need a ginger ale
That was such an epic fail

Pictures of last night
Ended up online
I‚Äôm screwed
Oh well
It‚Äôs a blacktop blur
But I‚Äôm pretty sure
It ruled
Damn

Last Friday night
Yeah, we danced on tabletops
And we took too many shots
Think we kissed but I forgot
Last Friday night
Yeah, we maxed our credit cards
Then got kicked out of the bar
So we hit the boulevard

Last Friday night
We went streaking in the park
Skinny dipping in the dark
Then had a m√©nage √† trois
Last Friday night
Yeah, I think we broke a law
Always say we‚Äôre gonna stop
This Friday night
Do it all again
This Friday night
Do it all again
This Friday night

TGIF TGIF TGIF TGIF TGIF TGIF TGIF

Last Friday night
Yeah, we danced on tabletops
And we took too many shots
Think we kissed but I forgot
Last Friday night
Yeah, we maxed our credit cards
Then got kicked out of the bar
So we hit the boulevard

Last Friday night
We went streaking in the park
Skinny dipping in the dark
Then had a m√©nage √† trois
Last Friday night
Yeah, I think we broke a law
Always say we‚Äôre gonna stop
This Friday night
Do it all again

Music video by Katy Perry performing Last Friday Night (T.G.I.F). (C) 2011 Capitol Records, LLC",313656,0,3641843,none,2011-06-12T23:00:00.000Z,"['Katy perry', 'last friday night', 'tgif', 'official', 'music video', 'rebecca black', 'kevin mchale', 'darren criss']",Katy Perry - Last Friday Night (T.G.I.F.),KlyXNRrsk4A,1095961792
10,UClVrJwcIy7saPcGc1nct80A,Fueled By Ramen,397526,xxNoneFoundxx,"twenty one pilots' music video for ‚ÄòHeathens‚Äô from Suicide Squad: The Album available now on Atlantic Records. Get it on iTunes: http://smarturl.it/SuicideSquad
 
also on‚Ä¶
spotify: http://smarturl.it/StreamSuicideSquad
AppleMusic: http://smarturl.it/SuicideSquadAM 
Google Play: http://smarturl.it/SuicideSquadGP
Amazon: http://smarturl.it/SuicideSquadA 
 
Get ‚ÄúSuicide Squad‚Äù the movie here: https://gowatchit.com/watch/movies/suicide-squad-269959  
 
find twenty one pilots on‚Ä¶
 
Site: http://twentyonepilots.com
Facebook: http://facebook.com/twentyonepilots
Instagram: http://instagr.am/twentyonepilots
Twitter: http://twitter.com/twentyonepilots
YouTube: http://youtube.com/twentyonepilots
Tumblr: http://twentyonepilots.tumblr.com
Store: http://bit.ly/2fsd6Hi
 
follow Suicide Squad‚Ä¶
 
Facebook: https://www.facebook.com/SuicideSquad 
Twitter: http://twitter.com/SuicideSquadWB
Instagram: http://instagram.com/suicidesquadmovie
Website: http://www.suicidesquad.com

Directed by:  Andrew Donoho
DoP:  Nate Hurtsellers
Prod. Co.: Diktator",217377,0,7387123,none,2016-06-21T22:25:16.000Z,"['twenty one pilots', '21 pilots', 'twentyonepilots', 'fueled by ramen', 'FBR', 'fueledbyramen', 'music', 'song', 'tyler joseph', 'josh dun', 'TOP', 'Suicide Squad', 'Heathens', 'Suicide Squad the movie', 'suicide squad the album', 'heethens', 'heethans']",twenty one pilots: Heathens (from Suicide Squad: The Album) [OFFICIAL VIDEO],UprcpdwuwCg,1055916054
22,UCtuGozGshjqqErhHGEmHnJw,Jack √ú,295950,xxNoneFoundxx,"‚ÄúWe are being overwhelmed, in a good way, by the success of ‚ÄúWhere Are √ú Now‚Äù with Justin Bieber, so with the video we wanted to just take it back to the beginning of the record & essentially create an ode to our fans.  Doing what we do, it‚Äôs entirely all about the fans.  We walk a fine line by being ‚Äúfamous‚Äù and in the public eye but we are only here because of you, the fans.  Justin wrote this record during a tough time in his life and it comes to us that sometimes, as artists, we are also just objects and we have to take that as much as we have to use that to create.  We all do this for you, respect that you put us here and it‚Äôs √ú that made the video.‚Äù - JACK √ú

Official Jack √ú Store: http://smarturl.it/JackUStuff

Skrillex and Diplo Present Jack √ú 
iTunes: http://smarturl.it/PresentingJackU
Spotify: http://smarturl.it/S_PresentingJackU
Beatport: http://smarturl.it/B_PresentingJackU

Get the ""Where Are √ú Now"" Remixes from Kaskade, Marshmello, Rustie and Ember Island:
iTunes: http://smarturl.it/WhereAreUNowRemixes
Spotify: http://smarturl.it/WhereAreUNowRemixesS

Directed by Brewer
Production Company - Prettybird
Executive Producer - Candice Dragonas
Producer - Nathan Scherrer
Edit, Color and EFX - Brewer
Additional EFX - Gloria EFX

Follow Jack √ú Online
http://facebookcom/jackuofficial
http://soundcloud.com/jacku
http://jackuofficial.com

Follow Justin Bieber Online
http://facebook.com/JustinBieber
http://twitter.com/justinbieber",309283,0,4474563,none,2015-06-29T12:54:22.000Z,xxNoneFoundxx,"Skrillex and Diplo - ""Where Are √ú Now"" with Justin Bieber (Official Video)",nntGTK2Fhb0,1055687364
10,UCVWA4btXTFru9qM06FceSag,PitbullVEVO,133353,xxNoneFoundxx,"Pitbull's official music video for 'Timber' ft. Kesha. Click to listen to Pitbull on Spotify: http://smarturl.it/PBSpot?IQid=PitTim

As featured on Meltdown. Click to buy the track or album via iTunes: http://smarturl.it/PGWMiTunes?IQid=Pi...
Google Play: http://smarturl.it/PTIPlay?IQid=PitTim
Amazon: http://smarturl.it/PGWMAm?IQid=PitTim

More from Pitbull 
International Love: https://youtu.be/CdXesX6mYUE
Rain Over Me: https://youtu.be/SmM0653YvXU
Give Me Everything: https://youtu.be/EPo5wWmKEaI

Follow Pitbull
Website: http://www.pitbullmusic.com
Facebook: https://www.facebook.com/pitbull
Twitter: https://twitter.com/pitbull

Subscribe to Pitbull on YouTube: http://smarturl.it/PITSub?IQid=PitTim

More great Global Hits videos here: http://smarturl.it/GHPlaylist?IQid=Pi...

---------

Lyrics:

It's going down, I'm yelling timber
You better move, you better dance
Let's make a night you won't remember
I'll be the one you won't forget

It's going down (it's going down), I'm yelling timber
You better move (you better move), you better dance (you better dance)
Let's make a night you won't remember
I'll be the one you won't forget (you won't forget)

Wooooah (timber), wooooah (timber), wooooah (it's going down)
Wooooah (timber), wooooah (timber), wooooah (it's going down)""",203495,0,3210772,none,2013-11-25T18:19:53.000Z,"['Pitbull', 'Timber Live', 'Pitbullvevo', 'acoustic', 'PitbullVEVO', 'music', 'video', 'Pitbull Timber', 'Time Of Our Lives', 'instrumental', 'Timber Official Video', 'dance', 'vevo', 'official', 'pop', 'download', 'featuring Kesha', 'Kesha', 'karaoke', 'remix', 'Give Me Everything', 'Meltdown', 'hip hop', 'lyrics', 'audio', 'rap', 'Hotel Room Service', 'official video', 'Time of Our Lives', 'cover', 'International Love', 'Fun', 'Pitbull Live', 'Feel This Moment', 'Sony', 'Greenlight', 'Fireball', 'music video', 'Give']",Pitbull - Timber ft. Ke$ha,hHUbLv4ThOo,1051506507
10,UC2gMECGMn5TVbRN5S5tKb8Q,Christina Perri,299499,xxNoneFoundxx,"¬© 2011 WMG
""a thousand years"" on itunes: http://atlr.ec/npHAdW
directed by: jay martin

""a thousand years"" is a brand new song me + my best friend david hodges wrote for bella + edward. we wrote it after we so luckily screened the movie + i couldn't be more proud of this song. to all my fellow twihards, thanks for hearing the e/b love :)

Check out more Christina Perri:
http://facebook.com/christinaperrimusic
http://christinaperri.com
http://christinaperriblogs.tumblr.com/
http://twitter.com/christinaperri
http://myspace.com/christinaperri

Follow Christina Perri on Spotify: http://bit.ly/HRJrB7",163829,0,6406576,none,2011-10-26T20:55:17.000Z,"['christina perri', 'a thousand years', 'david hodges', 'jay matin', 'music', 'video', 'official', 'twilight', 'breaking dawn', 'Breaking Dawn', 'Twilight (series)', 'Edward', 'Bella', 'wedding', 'Pop Music (Musical Genre)', 'Pop', 'Singing (Musical Instrument)', 'Atlantic Records (Record Label)', 'Warner Music Group (Record Label)', 'WMG', 'Music Video (TV Genre)', 'Moon', 'New']",Christina Perri - A Thousand Years [Official Music Video],rtOvBOTyX00,1044639002
10,UC4-TgOSMJHn-LtY4zCzbQhw,ShawnMendesVEVO,365050,xxNoneFoundxx,"Shawn Mendes - Stitches (Official Video)

http://vevo.ly/EeXXbT
Best of Shawn Mendes: https://goo.gl/kcEHK5
Subscribe here: https://goo.gl/aBcEw6",226943,0,6741671,none,2015-06-25T00:00:01.000Z,"['Shawn', 'Mendes', 'Stitches', '(Official', 'Video)', 'Island', 'Records', 'Pop']",Shawn Mendes - Stitches (Official Video),VbfpW0pbvaU,1042820807
10,UCoUM-UJ7rirJYP8CQ0EIaHA,Bruno Mars,217860,xxNoneFoundxx,"Get the new album '24K Magic' out now: https://brunom.rs/24kMagic 

See Bruno on the ‚Äò24K Magic World Tour‚Äô! Tickets on sale now. Visit http://brunomars.com for dates 

Stream ‚Äô24K Magic‚Äô
Spotify: https://brunom.rs/24kMagicStream 
Apple Music: https://brunom.rs/24kmagicAM 

Download ‚Äô24K Magic‚Äô 
iTunes: https://brunom.rs/24kMagic 
Amazon: https://brunom.rs/24kmagicamazon
Google Play: https://brunom.rs/24kmagicGP

Pick up the 24K Magic World Tour Collection in Bruno‚Äôs Official Webstore: https://brunom.rs/brunomarsstore

Connect with Bruno:
http://www.brunomars.com
http://www.instagram.com/brunomars
http://www.twitter.com/brunomars
http://www.facebook.com/brunomars",303157,0,4692789,none,2016-10-07T03:31:50.000Z,"['Bruno Mars', '24K Magic', 'Twenty Four Karat Magic', '24 Magic', 'twenty four carat magic', 'Cameron Duddy', 'Vegas', 'Versace', 'Gucci', 'Cadillac', 'Warner Music Group', 'Atlantic Records', 'Elektra Records', 'Official Video', 'New Album', 'XXIV Magic', 'XXIVK Magic', 'Pop', 'Rap', 'Hip Hop', '24kmagic', 'XXIV k magic', 'twenty four thousand magic', 'twenty four thousand karat magic', 'twenty four thousand carat magic']",Bruno Mars - 24K Magic [Official Video],UqyT8IEBkvY,1037203838
